model,episode_id,split,gt,gt_reason,task_code,status,label,error_stage,error_type,result_id,schema_failure,calls,list_cny,unknown_cost_calls,api_elapsed_s,wall_elapsed_s,pacing_s,issues
qwen3.8-max-0902,00acf09c6217f6aa3df1a38469d498a5,holdout,incorrect,采集内容不符合要求,DL-NA52UU,completed,incorrect,,,e3e59dc536604638bf048bbf76f62d90,,2,0.46086000000000005,0,25.37951725209132,27.285166865680367,0.0,"[""object_match""]"
qwen3.8-max-0902,0336074e95fcd70939e29a4c611ff128,holdout,correct,,DL-NA52UU,needs_review,,,,0fa412e06c1040d6b2553c41e276d4cb,,2,0.469008,0,29.63005220843479,31.472176583018154,0.0,[]
qwen3.8-max-0902,07c67050aa8ac87892668a42a337a959,development,incorrect,动作不完整,DL-NA52UU,completed,incorrect,,,10491daef2ee4db2a987c0c695f3bbfe,,2,0.392496,0,24.305028630420566,24.52578324917704,0.0,"[""action"", ""completeness""]"
qwen3.8-max-0902,086a79e060f95c971e787885c9581882,development,incorrect,其他问题,DL-NA52UU,completed,incorrect,,,9e444497330c4027885a303082b77c73,,2,0.430692,0,27.111420414876193,27.33704393869266,0.0,"[""action"", ""retry_free"", ""completeness"", ""observed_failure""]"
qwen3.8-max-0902,0959f1d4f277f6f71cdccecaa560fb0d,development,incorrect,反复重试,DL-NA52UU,completed,incorrect,,,653c8ca28da04da68c291a1c29019213,,2,0.5223720000000001,0,28.9566845940426,29.21243467181921,0.0,"[""image_quality"", ""action"", ""completeness"", ""hold""]"
qwen3.8-max-0902,09a85376673f15a3cdb0a39ff2584bf0,development,correct,,DL-NA52UU,completed,correct,,,412da6bd87294121b58ec79e486be66c,,2,0.440808,0,28.017628992907703,28.258145378902555,0.0,[]
qwen3.8-max-0902,0f80eb3646930cb61f2f18b6e1ffec3a,development,incorrect,采集内容不符合要求,DL-NA52UU,completed,incorrect,,,0246a998e5634b2485fbe7ab8bcc94aa,,2,0.399396,0,25.790953708812594,26.023706449661404,0.0,"[""scene_match"", ""action"", ""completeness""]"
qwen3.8-max-0902,0fd78ce12c4080f461bf238df472b5c7,development,incorrect,采集内容不符合要求,DL-NA52UU,completed,incorrect,,,a2e398ad545e49fb8ad3fd0cd5fe605c,,2,0.49526400000000004,0,29.30606573726982,29.58799045206979,0.0,"[""object_match""]"
qwen3.8-max-0902,17104c20c2a59390537d044dbf383397,development,incorrect,其他问题,DL-NA52UU,completed,incorrect,,,b6d3344a835c4e4f9ca1c713eeb228c5,,2,0.43374,0,25.5000664209947,25.724818259943277,0.0,"[""action"", ""retry_free"", ""completeness"", ""observed_failure"", ""hold""]"
qwen3.8-max-0902,17ede7daac1e086a6ff5dfaca0200896,holdout,incorrect,反复重试,DL-NA52UU,completed,incorrect,,,3ec8feb8c58b4da38376758d1a761fc6,,2,0.497184,0,30.16219912422821,30.4119517900981,0.0,"[""retry_free""]"
qwen3.8-max-0902,1d493b6454f7a78db11cb690f0e8451e,development,incorrect,采集内容不符合要求,DL-NA52UU,completed,incorrect,,,38af2ea6204b45139e6b0e609fb68b4b,,2,0.428904,0,29.707845591939986,29.957402139902115,0.0,"[""object_match""]"
qwen3.8-max-0902,1e327011a2279207cd2bb58af05502bb,holdout,incorrect,反复重试,DL-NA52UU,completed,incorrect,,,b7cd6fd3e080411ba08457aa7a7ae3be,,2,0.5496840000000001,0,27.84980860678479,28.12268940685317,0.0,"[""action"", ""retry_free"", ""completeness""]"
qwen3.8-max-0902,1f5efb40e548b0e328875b6b23cac0ca,development,incorrect,采集内容不符合要求,DL-NA52UU,completed,incorrect,,,3405bd787f7f479a8cf60ed0c2080bfb,,2,0.43023599999999995,0,27.392394938040525,27.64663502993062,0.0,"[""action"", ""completeness""]"
qwen3.8-max-0902,231c173c522716a72aecbfbe6d3b1387,development,correct,,DL-NA52UU,completed,incorrect,,,d5e44897e014493ea2620de65dcf4f92,,2,0.399204,0,23.406884018797427,23.61538077890873,0.0,"[""action"", ""completeness""]"
qwen3.8-max-0902,2442ea8aea75b9038cf25a71f5db3bc7,development,correct,,DL-NA52UU,completed,correct,,,896e24b7d03b48ba8c461663bbf14b5e,,2,0.410736,0,29.95580832241103,30.18075928464532,0.0,[]
qwen3.8-max-0902,245cdc7a3753f553476fad87dbbd5bea,holdout,incorrect,其他问题,DL-NA52UU,completed,incorrect,,,7d43474ba125401693e9cb0ea2df8480,,2,0.440256,0,33.59763350011781,33.835790674667805,0.0,"[""main_visibility""]"
qwen3.8-max-0902,26aaa2e503fa7f222f7f6cb100258752,development,incorrect,其他问题,DL-NA52UU,completed,incorrect,,,78cb594c330b425c94cad9b7a8a6a4a7,,2,0.398712,0,28.05439032241702,28.296565477270633,0.0,"[""action"", ""retry_free"", ""completeness"", ""observed_failure""]"
qwen3.8-max-0902,2a82bc37b834098989c69e5f2c3a672e,development,incorrect,画面模糊,DL-NA52UU,completed,incorrect,,,9f6ff05e35624b0293667f27b101b9d7,,2,0.40754399999999996,0,28.52643849886954,28.741359221283346,0.0,"[""image_quality""]"
qwen3.8-max-0902,2eb54be92d4383a1929ee63acd74467c,holdout,incorrect,其他问题,DL-NA52UU,failed,,evidence,ValidationError,648e7a6860cc4b908ba16bfee31987c3,model_call: task_status / extra_forbidden; model_call: observations / missing; model_call: main_visibility_by_frame.V000 / literal_error; model_call: main_visibility_by_frame.V001 / literal_error; model_call: checks.action / model_type; model_call: checks.completeness / model_type; model_call: checks.image_quality / model_type; model_call: checks.main_visibility / model_type; model_call: checks.object_match / model_type; model_call: checks.retry_free / model_type; model_call: checks.scene_match / model_type; model_call: hold.achieved_seconds / extra_forbidden; model_call: hold.required_seconds / extra_forbidden; model_call: hold.status / extra_forbidden; model_call: hold.within_tolerance / extra_forbidden; model_call: hold.state / missing; model_call: hold.evidence_ids / missing,2,0.471024,0,19.792056198231876,20.03940032888204,0.0,[]
qwen3.8-max-0902,31150ea66815816ea6e7c93a64651b2d,development,incorrect,采集内容不符合要求,DL-NA52UU,completed,incorrect,,,c6aad021fc33460ca90d716b6ddbca70,,2,0.4305,0,28.68262815475464,28.919183454010636,0.0,"[""object_match"", ""scene_match"", ""main_visibility"", ""action"", ""completeness"", ""hold""]"
qwen3.8-max-0902,3417fc0095b5a333056d78f55b7b5c3b,development,correct,,DL-NA52UU,completed,correct,,,dafc99f59ddc4343b0b83ec46b74e6d3,,2,0.43264800000000003,0,26.385186362080276,26.737639721948653,0.0,[]
qwen3.8-max-0902,363b466bd6d36e0e4ad831fe34cd35f6,development,incorrect,其他问题,DL-NA52UU,completed,incorrect,,,6d3428369e7c4bdfb414b00a246fa808,,2,0.43568399999999996,0,30.173072451725602,30.391281287185848,0.0,"[""main_visibility"", ""action"", ""completeness"", ""hold""]"
qwen3.8-max-0902,3c5a9105d62b825cc26e91c8cbcdad2a,development,incorrect,采集内容不符合要求,DL-NA52UU,completed,incorrect,,,507bf4ad875f41bfaad501db93ac741a,,2,0.40446,0,24.595754073001444,24.930959169752896,0.0,"[""scene_match"", ""image_quality""]"
qwen3.8-max-0902,3c793087873b2dbc7eb19e950584dbb1,development,incorrect,其他问题,DL-NA52UU,completed,incorrect,,,1df8f47178fe4e0386eb49aa11460199,,2,0.399024,0,23.276904191356152,23.613863066304475,0.0,"[""action"", ""retry_free"", ""completeness"", ""observed_failure"", ""hold""]"
qwen3.8-max-0902,3d3cf9bfa86585c3a4464b5284ae6743,development,incorrect,采集内容不符合要求,DL-NA52UU,completed,incorrect,,,d87cb8ebfed947fb83d1d3a9ae32329a,,2,0.43566000000000005,0,24.49137518182397,24.73790212115273,0.0,"[""object_match""]"
qwen3.8-max-0902,4004ec0dc60f7469b84fd1d3081bb4e4,holdout,incorrect,画面模糊,DL-NA52UU,completed,incorrect,,,52ef98ed422b4c1a888a030485b1880b,,2,0.41106,0,29.969007107894868,30.18329521594569,0.0,"[""object_match"", ""image_quality""]"
qwen3.8-max-0902,40148a890de9743992df69d02e1f2989,development,incorrect,采集内容不符合要求,DL-NA52UU,completed,incorrect,,,1d74fd58a59b4bbf8b9e2fdf9d42bbb8,,2,0.394068,0,27.939766169525683,28.18165900511667,0.0,"[""scene_match"", ""action"", ""retry_free"", ""completeness"", ""observed_failure""]"
qwen3.8-max-0902,40665f855c748fbd166661034ef2469a,development,incorrect,其他问题,DL-NA52UU,completed,incorrect,,,b610cca6cd8e40b4ac3aa1fd1eb39dc8,,2,0.48818399999999995,0,26.55774406902492,26.81964938994497,0.0,"[""action"", ""retry_free"", ""completeness"", ""observed_failure""]"
qwen3.8-max-0902,43758a9254d9ec4e0789e879abe2985e,holdout,incorrect,采集内容不符合要求,DL-NA52UU,completed,incorrect,,,0e3732293e2d4685a7a93fff629d241e,,2,0.430116,0,26.906721740495414,27.124769465997815,0.0,"[""object_match""]"
qwen3.8-max-0902,43fbfbc9c95a117c98eb288af6501eb8,holdout,incorrect,其他问题,DL-NA52UU,completed,incorrect,,,b7e0f948ba7749f9aa3d201129a9edbc,,2,0.521244,0,27.88843828998506,28.14066088804975,0.0,"[""completeness"", ""hold""]"
qwen3.8-max-0902,46dbe6c979945a8f96943c942d57a9d0,development,incorrect,其他问题,DL-NA52UU,completed,incorrect,,,a9666810d12d46a697393b9366bffe01,,2,0.433296,0,24.56189441215247,24.785308281891048,0.0,"[""main_visibility"", ""completeness"", ""hold""]"
qwen3.8-max-0902,51afec8d279440fc43086a36f6d1037a,development,incorrect,采集内容不符合要求,DL-NA52UU,completed,incorrect,,,fd4a10d7f3dd47a4969db1f6b359f986,,2,0.401076,0,24.557050018105656,24.913633288815618,0.0,"[""scene_match"", ""main_visibility"", ""action"", ""completeness""]"
qwen3.8-max-0902,550417802b14e36d757d5cb6cc8d3c64,development,incorrect,采集内容不符合要求,DL-NA52UU,completed,incorrect,,,0cc8b39270b5439d823f7f5e4d79e802,,2,0.430944,0,26.58900511916727,27.019058763049543,0.0,"[""object_match"", ""action"", ""completeness""]"
qwen3.8-max-0902,56a36ce18c26b289f683e04f4136db42,development,incorrect,采集内容不符合要求,DL-NA52UU,completed,incorrect,,,78905f43d6c044d09ba3674e1c33df3c,,2,0.407352,0,24.244584299158305,24.488177545834333,0.0,"[""scene_match""]"
qwen3.8-max-0902,64d34cdbae1a680cb4f3d7d42695e5b8,development,correct,,DL-NA52UU,completed,correct,,,1b229add2b854f54bc043497f2fb17bf,,2,0.43287600000000004,0,24.68932748399675,24.925552798900753,0.0,[]
qwen3.8-max-0902,702c197ab0cb0ec9f0587c0faadd0564,holdout,incorrect,动作不完整,DL-NA52UU,completed,incorrect,,,e7981df334244e19b3914b17f31258bd,,2,0.46063200000000004,0,28.65492539294064,28.902740966994315,0.0,"[""action"", ""completeness"", ""hold""]"
qwen3.8-max-0902,7819d47cc07ecc6b7b8709218b95e964,development,correct,,DL-NA52UU,completed,correct,,,bca423dd13364cb1be6ea7d390068baf,,2,0.4263,0,25.796326253097504,26.03351495973766,0.0,[]
qwen3.8-max-0902,78991c3e3eb0149b9e29551d03268873,development,incorrect,其他问题,DL-NA52UU,completed,incorrect,,,2868b5b8a7bc40688fda551d47d70464,,2,0.49763999999999997,0,27.30539091490209,27.605653766077012,0.0,"[""action"", ""completeness"", ""hold""]"
qwen3.8-max-0902,7ae046ee421fc1c59f8cdcd44e7ed765,development,correct,,DL-NA52UU,completed,correct,,,af1937038dfc40008528bce042948ad3,,2,0.430488,0,27.103489291854203,27.33145824680105,0.0,[]
qwen3.8-max-0902,7bb3b9babcab2660c193b82f5960e40a,holdout,incorrect,其他问题,DL-NA52UU,completed,incorrect,,,56ceb0e9506345779e25d9c9083b4a1c,,2,0.519936,0,26.11832839436829,26.385106293018907,0.0,"[""action"", ""retry_free"", ""completeness"", ""observed_failure""]"
qwen3.8-max-0902,7c0876d845fd585ea1c0f0c97acb327e,holdout,incorrect,动作不完整,DL-NA52UU,completed,incorrect,,,ccbb55c5f86b41feb1021bfeed49f8ed,,2,0.398568,0,23.125688605941832,23.338546799961478,0.0,"[""action"", ""completeness""]"
qwen3.8-max-0902,7cf8f38d1991e9f41cd91487e2bdde2b,development,incorrect,动作不完整,DL-NA52UU,completed,incorrect,,,fe62ba2155cd4a16a7c5152108c7cee0,,2,0.43242,0,24.396967652719468,24.629395863972604,0.0,"[""action"", ""retry_free"", ""completeness"", ""observed_failure"", ""hold""]"
qwen3.8-max-0902,821840f67e136e2f303a6c24f9932693,development,incorrect,画面模糊,DL-NA52UU,completed,incorrect,,,d23cc2acabae435eac304f229364d1f7,,2,0.40003199999999994,0,27.573418308980763,27.797030868940055,0.0,"[""image_quality""]"
qwen3.8-max-0902,83120f05cb269a444828b99b00df4deb,holdout,incorrect,反复重试,DL-NA52UU,completed,incorrect,,,882aa65a99ca41edb160f1cd60400f8d,,2,0.504912,0,31.86056400090456,32.10921946493909,0.0,"[""retry_free"", ""observed_failure""]"
qwen3.8-max-0902,8568e174833e5d3e8e39746691b443e3,holdout,incorrect,采集内容不符合要求,DL-NA52UU,completed,incorrect,,,86085ec3ef6d417f9019094e04deceac,,2,0.429492,0,25.67344850488007,25.9251143457368,0.0,"[""scene_match"", ""action"", ""completeness"", ""hold""]"
qwen3.8-max-0902,8a3b47f5f1ec5e40de404d9c786675f0,development,incorrect,画面模糊,DL-NA52UU,completed,incorrect,,,83e327b81e2640f19a65740059f55d1b,,2,0.41247599999999995,0,29.40677097486332,29.625739906914532,0.0,"[""image_quality""]"
qwen3.8-max-0902,8b408b6f2d8a21129729b212bdfa4d45,holdout,incorrect,画面模糊,DL-NA52UU,completed,incorrect,,,d0e31922231341cc96dd42e3159f8e51,,2,0.40446000000000004,0,26.360840460285544,26.609856314957142,0.0,"[""image_quality""]"
qwen3.8-max-0902,8be00c38e9590444c7bc46bcae942da6,development,incorrect,采集内容不符合要求,DL-NA52UU,completed,incorrect,,,6a57a8c05d9f48108988484a22ee19e2,,2,0.405408,0,25.365550715010613,25.613721494097263,0.0,"[""scene_match"", ""main_visibility"", ""action""]"
qwen3.8-max-0902,8c8e186afce745ed6e087981adeae64a,development,incorrect,其他问题,DL-NA52UU,completed,incorrect,,,bdeb2665fe6140d2b93420918cf2b130,,2,0.407484,0,25.279369715135545,25.50372669333592,0.0,"[""main_visibility"", ""completeness"", ""hold""]"
qwen3.8-max-0902,8ca5129f5a75bca97f737b3aa6048db7,holdout,incorrect,画面模糊,DL-NA52UU,completed,incorrect,,,da90fcf47985486486dc40fc802579a6,,2,0.40584,0,25.188550839200616,25.39599204994738,0.0,"[""main_visibility"", ""image_quality"", ""completeness""]"
qwen3.8-max-0902,8cf3c3e9a34cbdfc45edfca483199bb7,development,correct,,DL-NA52UU,completed,correct,,,2e40d22b1b6441d8b15c345b2be6ee31,,2,0.43992,0,26.594331041909754,26.83872970705852,0.0,[]
qwen3.8-max-0902,920a86fd2d8209db5911da1cfd603a61,development,incorrect,画面模糊,DL-NA52UU,completed,incorrect,,,8dc9bf5f3eec4c508e2949eb8858c027,,2,0.414732,0,29.140766494441777,29.351229790132493,0.0,"[""image_quality""]"
qwen3.8-max-0902,95d643b4098c33b7e38a9299f669b211,development,incorrect,其他问题,DL-NA52UU,completed,incorrect,,,fe88e3135f8644948eaef3a2a58e13f5,,2,0.493716,0,27.323060050141066,27.570933713112026,0.0,"[""action"", ""retry_free"", ""completeness"", ""observed_failure""]"
qwen3.8-max-0902,95dc7dab06a9c308c8dab3f0f4c5c0e3,holdout,incorrect,其他问题,DL-NA52UU,completed,incorrect,,,8266b4311a7c4d17abfd2612db5c98d8,,2,0.424224,0,25.797867850400507,26.011765642091632,0.0,"[""action"", ""retry_free"", ""completeness"", ""observed_failure""]"
qwen3.8-max-0902,965f23817dd8cba1f8dbe35bd9b0e649,holdout,incorrect,其他问题,DL-NA52UU,completed,incorrect,,,4a9724c430464f1e81ae6fe3ccde1f6e,,2,0.492036,0,28.449338916689157,28.695530626922846,0.0,"[""action"", ""retry_free"", ""completeness"", ""observed_failure""]"
qwen3.8-max-0902,99a8518a2ff64cfe979f99a31081d6b2,development,incorrect,反复重试,DL-NA52UU,completed,incorrect,,,2281248f93664da6ba3af46a2e99f84b,,2,0.49405200000000005,0,28.10365410661325,28.35738647915423,0.0,"[""action"", ""completeness"", ""observed_failure"", ""hold""]"
qwen3.8-max-0902,9c0b19fdc7191fb602898b65d756dda4,development,correct,,DL-NA52UU,completed,incorrect,,,8d2079056fba4c10b6bd0b4277aa07ae,,2,0.45333599999999996,0,23.282471942249686,23.51198391104117,0.0,"[""action"", ""completeness""]"
qwen3.8-max-0902,9ca7daa14c22ea5a76953c4568223c72,development,incorrect,其他问题,DL-NA52UU,completed,incorrect,,,46a1149d6c294c62904310029063c5eb,,2,0.49026000000000003,0,22.88062497647479,23.114683764986694,0.0,"[""action"", ""retry_free"", ""completeness"", ""observed_failure""]"
qwen3.8-max-0902,9d6b44fbc89eb3d272a23066a7dc98e7,holdout,incorrect,采集内容不符合要求,DL-NA52UU,completed,correct,,,5ff17439d5f04a4da0c8b1387af44a1d,,2,0.4026,0,27.47806063340977,27.715297779999673,0.0,[]
qwen3.8-max-0902,a152630f528748dc64665d5f9eff337d,holdout,incorrect,采集内容不符合要求,DL-NA52UU,completed,incorrect,,,183f8cb2542048a39519ed3e29bf11d7,,2,0.45533999999999997,0,26.219845066778362,26.481227793730795,0.0,"[""scene_match"", ""action"", ""completeness"", ""hold""]"
qwen3.8-max-0902,a1b8503cd73cb861df7acd528eb2b877,holdout,correct,,DL-NA52UU,completed,correct,,,5c8214542c1245a1b7638bb63cb10125,,2,0.45908400000000005,0,27.652135253418237,27.89931339910254,0.0,[]
qwen3.8-max-0902,a21aeb0d0d764970f738f8c95d6bfb82,holdout,correct,,DL-NA52UU,completed,correct,,,57f2f9ab3cd845a9802145699b41336c,,2,0.47106000000000003,0,31.164125027135015,31.401292667724192,0.0,[]
qwen3.8-max-0902,a51047b4860a3548f7344407b998e73d,development,incorrect,采集内容不符合要求,DL-NA52UU,completed,incorrect,,,b5726736dab84e90bf3c3f2bb779230f,,2,0.43266,0,28.126710786949843,28.463619901333004,0.0,"[""object_match"", ""action"", ""hold""]"
qwen3.8-max-0902,abdce77eb482de1057b8734d43239ad9,development,incorrect,采集内容不符合要求,DL-NA52UU,completed,incorrect,,,1bdb6e38cb884e8d9132cee0cf00c56f,,2,0.46072799999999997,0,26.97053782083094,27.205318403895944,0.0,"[""object_match"", ""action"", ""completeness""]"
qwen3.8-max-0902,ae59a1897063c6b7cd4fb9ec11603160,development,incorrect,其他问题,DL-NA52UU,completed,incorrect,,,e05d3f0f39ad40ba99a6e709e3595af9,,2,0.43416,0,29.754626269917935,29.993176106829196,0.0,"[""action"", ""retry_free"", ""completeness"", ""observed_failure""]"
qwen3.8-max-0902,b1164384ac56d7b59ffe6010ad61b26b,development,incorrect,采集内容不符合要求,DL-NA52UU,completed,correct,,,fb740944d81348adb6869ce253044030,,2,0.399888,0,24.477776274085045,24.91931564314291,0.0,[]
qwen3.8-max-0902,b1b9a1f36d8a1eb1d07663ff13c52e12,development,incorrect,采集内容不符合要求,DL-NA52UU,completed,incorrect,,,eb4c214f06024ffeb3e52877943f8843,,2,0.43168799999999996,0,26.50193146103993,26.70553489215672,0.0,"[""object_match"", ""action"", ""hold""]"
qwen3.8-max-0902,bbfcabffdb5fea279fc6163999b941d2,development,incorrect,其他问题,DL-NA52UU,completed,incorrect,,,27f6f2d62c634792b4f0fd4656f76dbc,,2,0.39829200000000003,0,24.15945265488699,24.38886976055801,0.0,"[""image_quality"", ""action"", ""retry_free"", ""completeness"", ""observed_failure""]"
qwen3.8-max-0902,bd2c557f7f049696091c9e9c9071334f,development,incorrect,其他问题,DL-NA52UU,completed,incorrect,,,2ad2aeff3d794e13a5c21ef18ad459bd,,2,0.46596000000000004,0,25.70352278603241,25.95369799202308,0.0,"[""action"", ""retry_free"", ""completeness"", ""observed_failure""]"
qwen3.8-max-0902,bdd6b76dfa45431cd1b38d7880562620,development,incorrect,反复重试,DL-NA52UU,completed,incorrect,,,fc3a8b8e08454c16bb049dc92b5879b4,,2,0.594168,0,32.85984029341489,33.1476563741453,0.0,"[""action"", ""retry_free"", ""observed_failure""]"
qwen3.8-max-0902,beec95be7216021de5a4786099cc57d6,development,incorrect,采集内容不符合要求,DL-NA52UU,completed,incorrect,,,cadd3fd5ef264754b44c678d41d6e7a4,,2,0.404172,0,24.13332636700943,24.34650211594999,0.0,"[""action"", ""completeness"", ""hold""]"
qwen3.8-max-0902,bf53e3a9680a3ef26a03170b159b3a1e,development,incorrect,反复重试,DL-NA52UU,completed,incorrect,,,735de61246de4cda8fcebc4bf8554039,,2,0.440196,0,25.960398328490555,26.2019405500032,0.0,"[""action"", ""retry_free"", ""completeness"", ""observed_failure""]"
qwen3.8-max-0902,c0c424b6d56463335986c03b539bb0a8,development,incorrect,采集内容不符合要求,DL-NA52UU,completed,correct,,,c5e4600834a449edb6452c5aae7ffeb4,,2,0.405108,0,25.01734182657674,25.233474120032042,0.0,[]
qwen3.8-max-0902,c39e801297e79acc264b7722f325afc5,holdout,incorrect,其他问题,DL-NA52UU,completed,incorrect,,,a6678aaa4b9f44f5815d857c1c78ae47,,2,0.43408800000000003,0,26.641784116160125,26.993233592715114,0.0,"[""main_visibility"", ""completeness""]"
qwen3.8-max-0902,c55234cf7371f68775599662eac273c9,development,correct,,DL-NA52UU,completed,correct,,,fc1fbc9ab69a45f9ae83066c748ce6f1,,2,0.463596,0,27.88114731106907,28.121733023319393,0.0,[]
qwen3.8-max-0902,cb76a6c898174293af4b065eb6b2cad4,development,incorrect,其他问题,DL-NA52UU,completed,incorrect,,,afcb57294a1f4c28ae9abfe0fd03b070,,2,0.489324,0,26.817646485287696,27.07434093207121,0.0,"[""action"", ""retry_free"", ""completeness"", ""observed_failure"", ""hold""]"
qwen3.8-max-0902,cd6e74f8d82631b19f46e0cd9be80beb,development,incorrect,画面模糊,DL-NA52UU,completed,incorrect,,,247f1c6c154a421aba5fc61bf0336655,,2,0.43977600000000006,0,30.621854481752962,30.846090194303542,0.0,"[""image_quality""]"
qwen3.8-max-0902,ce351d4d84b8514ab812eaf0c9bbc725,development,correct,,DL-NA52UU,completed,correct,,,71feb05d9b6e499fb85913ca4df407fb,,2,0.435372,0,25.95940943621099,26.2106365240179,0.0,[]
qwen3.8-max-0902,ce79d89df2457db83ff6cd1d13c6f8ce,holdout,incorrect,采集内容不符合要求,DL-NA52UU,completed,incorrect,,,80c581374ef24b3da385ce71dbbf92c7,,2,0.40277999999999997,0,26.119324973784387,26.40027926908806,0.0,"[""object_match"", ""action"", ""hold""]"
qwen3.8-max-0902,db0612946ce8f95ca0578f140656296f,development,incorrect,动作不完整,DL-NA52UU,completed,incorrect,,,a6bd52572e1e49849d146aee65ca6c35,,2,0.430164,0,25.47523711528629,25.707388292998075,0.0,"[""action"", ""retry_free"", ""completeness"", ""observed_failure"", ""hold""]"
qwen3.8-max-0902,ea963175602f294d5a8002d5ab129998,development,correct,,DL-NA52UU,completed,correct,,,33c3d57ced4e4cf09badf4f69a78d2bf,,2,0.432096,0,26.14964496064931,26.394398744683713,0.0,[]
qwen3.8-max-0902,eb5335537efa7ea3de40031483773dbb,holdout,incorrect,采集内容不符合要求,DL-NA52UU,completed,incorrect,,,5e4e443b6252457a8a1fc7da24aa6ddc,,2,0.396696,0,25.65502054709941,25.894299891311675,0.0,"[""object_match"", ""action"", ""completeness"", ""hold""]"
qwen3.8-max-0902,ec2194931b757a3672edd5c224719bfd,development,incorrect,画面模糊,DL-NA52UU,completed,incorrect,,,7a87393ade804242a211806e3f1f954c,,2,0.40638,0,27.4464113926515,27.678967480082065,0.0,"[""image_quality""]"
qwen3.8-max-0902,ed3aed3a99169fdb0a95140cdd0baeab,development,incorrect,画面模糊,DL-NA52UU,completed,incorrect,,,63ed266e63224b11bee73d09b8c3bfe2,,2,0.402372,0,27.58006192324683,27.77747763413936,0.0,"[""image_quality""]"
qwen3.8-max-0902,edbba8a3d5b5637d8e6352b794d12e1e,holdout,correct,,DL-NA52UU,completed,correct,,,e3e355db802245d1a64f6ae965907328,,2,0.46056,0,26.082432620227337,26.400112740229815,0.0,[]
qwen3.8-max-0902,edc794c63c2f73a65e83e54d20d344bc,development,correct,,DL-NA52UU,needs_review,,,,e85bde91d55141fe9569c48a34ca6039,,2,0.42844799999999994,0,24.020845031831414,24.25540255010128,0.0,[]
qwen3.8-max-0902,ee723e930de2f114665b2bf0f8989449,holdout,incorrect,采集内容不符合要求,DL-NA52UU,completed,incorrect,,,dbcf7b5cbd754beeb3dd0be6e65c5e7d,,2,0.400428,0,25.979015284683555,26.220217238646,0.0,"[""scene_match"", ""action"", ""completeness""]"
qwen3.8-max-0902,eedf9bbc787b4ae570dc00cd73e47646,holdout,correct,,DL-NA52UU,completed,incorrect,,,cc0d6e98f2514919a94061884248fec9,,2,0.429288,0,27.002456875517964,27.27950099296868,0.0,"[""action"", ""retry_free"", ""completeness"", ""observed_failure"", ""hold""]"
qwen3.8-max-0902,f07cc1f580fb8f7e6a6f1b61e189163c,development,incorrect,其他问题,DL-NA52UU,completed,incorrect,,,3701342df8b843acae214a29c2078945,,2,0.426276,0,25.319765142630786,25.54751340067014,0.0,"[""action"", ""retry_free"", ""completeness"", ""observed_failure""]"
qwen3.8-max-0902,f0d636fb6aec9bcc4a52972300ad860e,development,incorrect,采集内容不符合要求,DL-NA52UU,completed,incorrect,,,2f4b4dad02fa4281a4e37018b9777946,,2,0.458112,0,28.7411913103424,28.983202384784818,0.0,"[""object_match""]"
qwen3.8-max-0902,f0ecc2839f0d2265a2484da2b2f3302e,development,incorrect,反复重试,DL-NA52UU,completed,incorrect,,,4611da528c454cebb8c8dc44d0632af6,,2,0.49094400000000005,0,26.14145265193656,26.419190458022058,0.0,"[""action"", ""retry_free"", ""completeness"", ""observed_failure""]"
qwen3.8-max-0902,f15c12f5e93afe8b334ef4069088c412,development,correct,,DL-NA52UU,completed,correct,,,569512531e6542e4aca55b44e7e6396e,,2,0.405192,0,24.713212918955833,24.94687025155872,0.0,[]
qwen3.8-max-0902,f23b8bd4c1512606796c0c57a9599699,holdout,correct,,DL-NA52UU,completed,incorrect,,,b267ed6a187c4992badfd3fa1bf10ec8,,2,0.436968,0,28.888701838906854,29.115400440059602,0.0,"[""action"", ""completeness"", ""hold""]"
qwen3.8-max-0902,f63baf731e5e2b836448ba1a06c28de1,development,incorrect,反复重试,DL-NA52UU,completed,incorrect,,,b11a11d33f7b4922b8c603724c7fa607,,2,0.530424,0,30.291778116021305,30.559404264204204,0.0,"[""retry_free"", ""observed_failure""]"
qwen3.8-max-0902,f9228f9b33d158699b53c52ba2a110d8,holdout,incorrect,采集内容不符合要求,DL-NA52UU,completed,incorrect,,,0fdf57b0c69c45688f303ad1a48c50a7,,2,0.40548,0,30.112382399849594,30.32635832997039,0.0,"[""object_match""]"
qwen3.8-max-0902,f9abd6e1e36ef1dc5c144feba02de677,development,incorrect,其他问题,DL-NA52UU,completed,incorrect,,,52d71e0dff994addaf25db43fc633d78,,2,0.455796,0,25.48213952407241,25.72193142073229,0.0,"[""action"", ""retry_free"", ""completeness"", ""observed_failure"", ""hold""]"
qwen3.8-max-0902,fa0d448767a63c46592d4a6985da2295,development,incorrect,采集内容不符合要求,DL-NA52UU,completed,incorrect,,,d33170e3182a4bd6a506e796413b5552,,2,0.42623999999999995,0,24.996693080291152,25.236054418142885,0.0,"[""action"", ""completeness"", ""observed_failure"", ""hold""]"
qwen3.8-max-0902,fe6ec1271668cd43ce3f74a29cda1ec3,development,incorrect,反复重试,DL-NA52UU,completed,incorrect,,,fe919de363cd439e989bcab4eca66c31,,2,0.5307839999999999,0,27.71698053786531,27.96642373688519,0.0,"[""action"", ""retry_free"", ""completeness"", ""observed_failure""]"
qwen3.7-plus-2026-05-26,00acf09c6217f6aa3df1a38469d498a5,holdout,incorrect,采集内容不符合要求,DL-NA52UU,needs_review,,,,c01a95bf36ff471c9a69ce2fc3cc3c1d,,2,0.07750599999999999,0,29.634586995001882,31.476654286962003,0.0,[]
qwen3.7-plus-2026-05-26,0336074e95fcd70939e29a4c611ff128,holdout,correct,,DL-NA52UU,needs_review,,,,20ae8b3b01ad40298e055348207c8d94,,2,0.07867199999999999,0,30.82401329698041,32.41980889393017,0.0,[]
qwen3.7-plus-2026-05-26,07c67050aa8ac87892668a42a337a959,development,incorrect,动作不完整,DL-NA52UU,completed,correct,,,68991784cdc646d4b3cc15e6725ce9d5,,2,0.067894,0,31.065544814802706,31.284991125110537,0.0,[]
qwen3.7-plus-2026-05-26,086a79e060f95c971e787885c9581882,development,incorrect,其他问题,DL-NA52UU,completed,incorrect,,,db3fe43f7f8342fd8f47ab54b6549c2d,,2,0.074382,0,33.82143346685916,34.07204794418067,0.0,"[""action"", ""completeness"", ""hold""]"
qwen3.7-plus-2026-05-26,0959f1d4f277f6f71cdccecaa560fb0d,development,incorrect,反复重试,DL-NA52UU,completed,incorrect,,,3133ca62e8c946fea9fec44e40db9d39,,2,0.087938,0,32.50796030135825,32.76030144514516,0.0,"[""action"", ""completeness"", ""hold""]"
qwen3.7-plus-2026-05-26,09a85376673f15a3cdb0a39ff2584bf0,development,correct,,DL-NA52UU,completed,correct,,,19ab33b44d804401ae512734aed4d3ec,,2,0.074254,0,31.41967095853761,31.661823705770075,0.0,[]
qwen3.7-plus-2026-05-26,0f80eb3646930cb61f2f18b6e1ffec3a,development,incorrect,采集内容不符合要求,DL-NA52UU,completed,incorrect,,,d460970c86d741f9847087fc797eb893,,2,0.06714,0,27.091498862951994,27.31609728327021,0.0,"[""scene_match"", ""action"", ""completeness""]"
qwen3.7-plus-2026-05-26,0fd78ce12c4080f461bf238df472b5c7,development,incorrect,采集内容不符合要求,DL-NA52UU,completed,correct,,,21ae683edcbd457cb7412314fa82d5e0,,2,0.082206,0,30.00289196241647,30.257441437337548,0.0,[]
qwen3.7-plus-2026-05-26,17104c20c2a59390537d044dbf383397,development,incorrect,其他问题,DL-NA52UU,completed,incorrect,,,5c371df4b72a4cccaf5a8618afde7364,,2,0.07223399999999999,0,27.065679307095706,27.297066391911358,0.0,"[""action"", ""retry_free"", ""completeness"", ""observed_failure""]"
qwen3.7-plus-2026-05-26,17ede7daac1e086a6ff5dfaca0200896,holdout,incorrect,反复重试,DL-NA52UU,completed,incorrect,,,7723f76b8ec74fc492e56bd1431fc4b1,,2,0.082402,0,30.178890762850642,30.43779146997258,0.0,"[""object_match""]"
qwen3.7-plus-2026-05-26,1d493b6454f7a78db11cb690f0e8451e,development,incorrect,采集内容不符合要求,DL-NA52UU,completed,correct,,,2ee624bb5b5b4d118ce786f268d02b17,,2,0.072294,0,30.938244208227843,31.187146585900337,0.0,[]
qwen3.7-plus-2026-05-26,1e327011a2279207cd2bb58af05502bb,holdout,incorrect,反复重试,DL-NA52UU,completed,incorrect,,,9298e381c35446939ead93dae10dafad,,2,0.091618,0,29.989878874272108,30.254780726972967,0.0,"[""action"", ""retry_free"", ""completeness""]"
qwen3.7-plus-2026-05-26,1f5efb40e548b0e328875b6b23cac0ca,development,incorrect,采集内容不符合要求,DL-NA52UU,completed,incorrect,,,0b94dd4d57444c4ca203615d7b7edcea,,2,0.072486,0,29.54625522205606,29.793430846184492,0.0,"[""action"", ""completeness""]"
qwen3.7-plus-2026-05-26,231c173c522716a72aecbfbe6d3b1387,development,correct,,DL-NA52UU,completed,correct,,,db901b440ded4a64af8f788107673a80,,2,0.06836400000000001,0,30.228176242206246,30.422493393998593,0.0,[]
qwen3.7-plus-2026-05-26,2442ea8aea75b9038cf25a71f5db3bc7,development,correct,,DL-NA52UU,completed,correct,,,3ae2ae75d7e646419a3ad0405a51d596,,2,0.06940199999999999,0,32.69036196405068,32.906384252011776,0.0,[]
qwen3.7-plus-2026-05-26,245cdc7a3753f553476fad87dbbd5bea,holdout,incorrect,其他问题,DL-NA52UU,completed,incorrect,,,bb962dd0abf64a03afd0eb2993197650,,2,0.07539399999999999,0,35.67585094412789,35.90470143361017,0.0,"[""main_visibility""]"
qwen3.7-plus-2026-05-26,26aaa2e503fa7f222f7f6cb100258752,development,incorrect,其他问题,DL-NA52UU,completed,incorrect,,,8bfbd8b88a71476b9c964f275e37e179,,2,0.067298,0,28.6027187933214,28.84565038792789,0.0,"[""action"", ""retry_free"", ""completeness"", ""observed_failure""]"
qwen3.7-plus-2026-05-26,2a82bc37b834098989c69e5f2c3a672e,development,incorrect,画面模糊,DL-NA52UU,completed,incorrect,,,fb1e3b162f6f46158787fd4ec87eb7b0,,2,0.07116600000000001,0,35.895940214861184,36.104123191908,0.0,"[""image_quality""]"
qwen3.7-plus-2026-05-26,2eb54be92d4383a1929ee63acd74467c,holdout,incorrect,其他问题,DL-NA52UU,completed,incorrect,,,52112b502e764297a31bc0f11a11cf32,,2,0.081868,0,27.90911155194044,28.305709433276206,0.0,"[""action"", ""completeness""]"
qwen3.7-plus-2026-05-26,31150ea66815816ea6e7c93a64651b2d,development,incorrect,采集内容不符合要求,DL-NA52UU,completed,incorrect,,,903620deb6414ca0ae83c4fa77d6cf47,,2,0.071664,0,27.188619467895478,27.431622956879437,0.0,"[""scene_match"", ""action"", ""completeness""]"
qwen3.7-plus-2026-05-26,3417fc0095b5a333056d78f55b7b5c3b,development,correct,,DL-NA52UU,completed,correct,,,8c1574c3ab3b437ab36613f1e3796001,,2,0.073266,0,31.41381953889504,31.655760551802814,0.0,[]
qwen3.7-plus-2026-05-26,363b466bd6d36e0e4ad831fe34cd35f6,development,incorrect,其他问题,DL-NA52UU,failed,,evidence,ValueError,f3f6f600aa0b44fdb0ff3702f583b013,,2,0.072496,0,30.44683953281492,30.676614813972265,0.0,[]
qwen3.7-plus-2026-05-26,3c5a9105d62b825cc26e91c8cbcdad2a,development,incorrect,采集内容不符合要求,DL-NA52UU,completed,incorrect,,,8b859737a1514ea794028150e0382913,,2,0.068222,0,28.094069975893945,28.323057614266872,0.0,"[""object_match"", ""scene_match"", ""action"", ""completeness""]"
qwen3.7-plus-2026-05-26,3c793087873b2dbc7eb19e950584dbb1,development,incorrect,其他问题,DL-NA52UU,completed,incorrect,,,6d8e3139e7dc469a8a24a1c016b668d4,,3,0.06726,1,206.81819126894698,207.1122529413551,0.0,"[""action"", ""retry_free"", ""completeness"", ""observed_failure""]"
qwen3.7-plus-2026-05-26,3d3cf9bfa86585c3a4464b5284ae6743,development,incorrect,采集内容不符合要求,DL-NA52UU,completed,incorrect,,,c15b940037804d03a71282d997c185a0,,2,0.073338,0,28.41656889859587,28.676722765900195,0.0,"[""object_match""]"
qwen3.7-plus-2026-05-26,4004ec0dc60f7469b84fd1d3081bb4e4,holdout,incorrect,画面模糊,DL-NA52UU,completed,incorrect,,,4eceaf3298fe4467ba310f9e5e2aeea8,,2,0.066522,0,26.554575267713517,26.762550259009004,0.0,"[""object_match"", ""image_quality"", ""action"", ""retry_free"", ""completeness"", ""observed_failure""]"
qwen3.7-plus-2026-05-26,40148a890de9743992df69d02e1f2989,development,incorrect,采集内容不符合要求,DL-NA52UU,completed,incorrect,,,a28a575d7ac54ebab3f09bb0dcfccd45,,2,0.066126,0,27.72952718893066,27.963892600033432,0.0,"[""scene_match""]"
qwen3.7-plus-2026-05-26,40665f855c748fbd166661034ef2469a,development,incorrect,其他问题,DL-NA52UU,completed,incorrect,,,3f2d192360cd4743b45d6a35bcdf9181,,2,0.08096400000000001,0,28.11655909474939,28.369839464779943,0.0,"[""action"", ""completeness""]"
qwen3.7-plus-2026-05-26,43758a9254d9ec4e0789e879abe2985e,holdout,incorrect,采集内容不符合要求,DL-NA52UU,completed,correct,,,63179483601a45fab0dde4a1d154ddd7,,2,0.07242799999999999,0,29.796918444801122,30.024388235993683,0.0,[]
qwen3.7-plus-2026-05-26,43fbfbc9c95a117c98eb288af6501eb8,holdout,incorrect,其他问题,DL-NA52UU,completed,incorrect,,,5e2b56633b0946e7bd811759cd302486,,2,0.08784,0,34.57271641213447,34.84337446279824,0.0,"[""action"", ""completeness"", ""hold""]"
qwen3.7-plus-2026-05-26,46dbe6c979945a8f96943c942d57a9d0,development,incorrect,其他问题,DL-NA52UU,completed,incorrect,,,a974a5eaa36c4b58b57a2b47970325a3,,2,0.07399,0,31.311862126458436,31.637631700839847,0.0,"[""main_visibility""]"
qwen3.7-plus-2026-05-26,51afec8d279440fc43086a36f6d1037a,development,incorrect,采集内容不符合要求,DL-NA52UU,completed,incorrect,,,b75e08318aed40bfa4a6350b4980c7ba,,2,0.070098,0,34.076837566215545,34.299325488042086,0.0,"[""scene_match"", ""main_visibility"", ""completeness""]"
qwen3.7-plus-2026-05-26,550417802b14e36d757d5cb6cc8d3c64,development,incorrect,采集内容不符合要求,DL-NA52UU,completed,incorrect,,,b45dc6b77f5442bab13134531c98b517,,2,0.07158400000000001,0,28.210959197953343,28.435680471826345,0.0,"[""action"", ""completeness""]"
qwen3.7-plus-2026-05-26,56a36ce18c26b289f683e04f4136db42,development,incorrect,采集内容不符合要求,DL-NA52UU,completed,incorrect,,,010b1781d6ee481d8cf376fcbbae6840,,2,0.070046,0,31.489373434800655,31.71924592088908,0.0,"[""main_visibility"", ""completeness""]"
qwen3.7-plus-2026-05-26,64d34cdbae1a680cb4f3d7d42695e5b8,development,correct,,DL-NA52UU,completed,correct,,,1020df16ceb44b1e8ccafe601f7f2858,,2,0.07392,0,33.639286953024566,33.86471843905747,0.0,[]
qwen3.7-plus-2026-05-26,702c197ab0cb0ec9f0587c0faadd0564,holdout,incorrect,动作不完整,DL-NA52UU,completed,correct,,,ffc43bab734f426bb0305e4e9cf8aef6,,2,0.076826,0,29.34686787193641,29.58918501669541,0.0,[]
qwen3.7-plus-2026-05-26,7819d47cc07ecc6b7b8709218b95e964,development,correct,,DL-NA52UU,completed,correct,,,61978e6777fd4b09af4d3ed24d6d0fc1,,2,0.072248,0,31.626372668426484,31.85252775484696,0.0,[]
qwen3.7-plus-2026-05-26,78991c3e3eb0149b9e29551d03268873,development,incorrect,其他问题,DL-NA52UU,completed,incorrect,,,c273f523231f4007a64e284d0a1dd4d2,,2,0.083336,0,31.85441450960934,32.10340530471876,0.0,"[""action"", ""completeness"", ""hold""]"
qwen3.7-plus-2026-05-26,7ae046ee421fc1c59f8cdcd44e7ed765,development,correct,,DL-NA52UU,completed,correct,,,d12c36f2e3b24060851367bc81c6a608,,2,0.07188599999999999,0,29.628901528194547,29.901331573259085,0.0,[]
qwen3.7-plus-2026-05-26,7bb3b9babcab2660c193b82f5960e40a,holdout,incorrect,其他问题,DL-NA52UU,completed,incorrect,,,ea928e2d09a1476f9e9f8f65e00ec531,,2,0.08873,0,34.81369895208627,35.153358646668494,0.0,"[""action"", ""completeness"", ""hold""]"
qwen3.7-plus-2026-05-26,7c0876d845fd585ea1c0f0c97acb327e,holdout,incorrect,动作不完整,DL-NA52UU,failed,,evidence,ValueError,16b58a9735074ad3af4beb3e1e2ae3ef,,2,0.06611800000000001,0,26.65600440464914,26.868550477083772,0.0,[]
qwen3.7-plus-2026-05-26,7cf8f38d1991e9f41cd91487e2bdde2b,development,incorrect,动作不完整,DL-NA52UU,completed,correct,,,e0ad6176e0cc4a76812df1e5fb732a32,,2,0.073004,0,32.72645621141419,32.95984080294147,0.0,[]
qwen3.7-plus-2026-05-26,821840f67e136e2f303a6c24f9932693,development,incorrect,画面模糊,DL-NA52UU,completed,incorrect,,,a4c90088e2c3431995600ff2063563bd,,2,0.069112,0,33.807138790376484,34.02455612877384,0.0,"[""image_quality""]"
qwen3.7-plus-2026-05-26,83120f05cb269a444828b99b00df4deb,holdout,incorrect,反复重试,DL-NA52UU,completed,incorrect,,,48f1129a8af24451bae953b106b5e931,,2,0.084314,0,35.47150700818747,35.934445741120726,0.0,"[""retry_free"", ""observed_failure""]"
qwen3.7-plus-2026-05-26,8568e174833e5d3e8e39746691b443e3,holdout,incorrect,采集内容不符合要求,DL-NA52UU,completed,incorrect,,,5f7bd2d48d9b46c3be9bd24526b2e583,,2,0.072606,0,36.867068845778704,37.11890095565468,0.0,"[""scene_match"", ""action"", ""completeness""]"
qwen3.7-plus-2026-05-26,8a3b47f5f1ec5e40de404d9c786675f0,development,incorrect,画面模糊,DL-NA52UU,failed,,evidence,ValueError,6900df18ba2e4d9bb4f119bd7e0d5dd3,,2,0.069056,0,32.86491246102378,33.07588077429682,0.0,[]
qwen3.7-plus-2026-05-26,8b408b6f2d8a21129729b212bdfa4d45,holdout,incorrect,画面模糊,DL-NA52UU,completed,incorrect,,,058d60260acd4546af0b192817a030fb,,2,0.06977,0,34.554397431667894,34.759710520971566,0.0,"[""image_quality""]"
qwen3.7-plus-2026-05-26,8be00c38e9590444c7bc46bcae942da6,development,incorrect,采集内容不符合要求,DL-NA52UU,completed,incorrect,,,dd9ea4f7b76f480da1af6ee1797a092a,,2,0.067892,0,28.4499536389485,28.699184013996273,0.0,"[""scene_match""]"
qwen3.7-plus-2026-05-26,8c8e186afce745ed6e087981adeae64a,development,incorrect,其他问题,DL-NA52UU,completed,incorrect,,,30192444d6d440338906d8249f638354,,2,0.067072,0,27.37550306506455,27.58492673188448,0.0,"[""main_visibility"", ""action"", ""completeness""]"
qwen3.7-plus-2026-05-26,8ca5129f5a75bca97f737b3aa6048db7,holdout,incorrect,画面模糊,DL-NA52UU,completed,incorrect,,,021bfac3242042bfb6d991af53a591d0,,2,0.067832,0,27.570613822434098,27.80304488679394,0.0,"[""main_visibility"", ""image_quality""]"
qwen3.7-plus-2026-05-26,8cf3c3e9a34cbdfc45edfca483199bb7,development,correct,,DL-NA52UU,needs_review,,,,55e7133bae744372bd558775654c8bfb,,2,0.073278,0,29.49514920404181,29.725664703175426,0.0,[]
qwen3.7-plus-2026-05-26,920a86fd2d8209db5911da1cfd603a61,development,incorrect,画面模糊,DL-NA52UU,completed,incorrect,,,4802a70be78e4f5aae2d80ffcb464a79,,2,0.06854400000000001,0,30.833640347700566,31.05035342462361,0.0,"[""main_visibility"", ""image_quality""]"
qwen3.7-plus-2026-05-26,95d643b4098c33b7e38a9299f669b211,development,incorrect,其他问题,DL-NA52UU,completed,incorrect,,,0dfe9f3a35e544ed812b7cdde77af6f4,,2,0.083352,0,30.391766297165304,30.790376059245318,0.0,"[""action"", ""completeness""]"
qwen3.7-plus-2026-05-26,95dc7dab06a9c308c8dab3f0f4c5c0e3,holdout,incorrect,其他问题,DL-NA52UU,completed,incorrect,,,7af4681906474c5bb3f4918b0683f617,,2,0.071658,0,30.610356519930065,30.824668066110462,0.0,"[""action"", ""retry_free"", ""completeness"", ""observed_failure""]"
qwen3.7-plus-2026-05-26,965f23817dd8cba1f8dbe35bd9b0e649,holdout,incorrect,其他问题,DL-NA52UU,completed,incorrect,,,929e60f764a340888257174e22a701af,,2,0.082754,0,31.087244408670813,31.339465535245836,0.0,"[""action"", ""retry_free"", ""completeness"", ""observed_failure""]"
qwen3.7-plus-2026-05-26,99a8518a2ff64cfe979f99a31081d6b2,development,incorrect,反复重试,DL-NA52UU,completed,correct,,,897b0636a9eb4299a5358568de8e3b30,,2,0.085384,0,36.81134726526216,37.06234239926562,0.0,[]
qwen3.7-plus-2026-05-26,9c0b19fdc7191fb602898b65d756dda4,development,correct,,DL-NA52UU,failed,,model,ValueError,01ca408b0a734f69bd52ea0fc201d0ec,,1,0.084348,0,90.22606645338237,90.34142877301201,0.0,[]
qwen3.7-plus-2026-05-26,9ca7daa14c22ea5a76953c4568223c72,development,incorrect,其他问题,DL-NA52UU,completed,incorrect,,,77940d8b9a904cfb9d1dc88c58f6d37b,,2,0.08230599999999999,0,31.61030667554587,31.863683240953833,0.0,"[""action"", ""completeness""]"
qwen3.7-plus-2026-05-26,9d6b44fbc89eb3d272a23066a7dc98e7,holdout,incorrect,采集内容不符合要求,DL-NA52UU,completed,correct,,,75e83f0d65fb42a4bafc22f4871e2ea9,,2,0.067704,0,31.589144619181752,31.827527973800898,0.0,[]
qwen3.7-plus-2026-05-26,a152630f528748dc64665d5f9eff337d,holdout,incorrect,采集内容不符合要求,DL-NA52UU,completed,incorrect,,,3be112ecd3d541f2a49d574a5e21d070,,2,0.07612,0,32.04215593030676,32.31030793581158,0.0,"[""scene_match"", ""action"", ""completeness""]"
qwen3.7-plus-2026-05-26,a1b8503cd73cb861df7acd528eb2b877,holdout,correct,,DL-NA52UU,completed,correct,,,76bb98f91e70413fbc456f1276433509,,2,0.076542,0,29.13020479027182,29.376257779076695,0.0,[]
qwen3.7-plus-2026-05-26,a21aeb0d0d764970f738f8c95d6bfb82,holdout,correct,,DL-NA52UU,completed,correct,,,fdda5d50ae9a4c7e82c58a3a5b53513e,,2,0.078924,0,31.39507125224918,31.633333461824805,0.0,[]
qwen3.7-plus-2026-05-26,a51047b4860a3548f7344407b998e73d,development,incorrect,采集内容不符合要求,DL-NA52UU,completed,correct,,,37c70db6292d471ea0f0822f340f5cd5,,2,0.07300999999999999,0,29.501678255852312,29.72018707403913,0.0,[]
qwen3.7-plus-2026-05-26,abdce77eb482de1057b8734d43239ad9,development,incorrect,采集内容不符合要求,DL-NA52UU,completed,incorrect,,,73a53043fb664abe8b33c816d0ce0caf,,2,0.07747,0,33.11508793383837,33.34618745138869,0.0,"[""object_match""]"
qwen3.7-plus-2026-05-26,ae59a1897063c6b7cd4fb9ec11603160,development,incorrect,其他问题,DL-NA52UU,completed,incorrect,,,83d6ab1253dc497b906caa9ddc62bd24,,2,0.07192599999999999,0,28.246369899250567,28.46675029071048,0.0,"[""action"", ""retry_free"", ""completeness""]"
qwen3.7-plus-2026-05-26,b1164384ac56d7b59ffe6010ad61b26b,development,incorrect,采集内容不符合要求,DL-NA52UU,completed,correct,,,bf185354872e462e9d95c51451733e59,,2,0.067784,0,30.035829002968967,30.283956040628254,0.0,[]
qwen3.7-plus-2026-05-26,b1b9a1f36d8a1eb1d07663ff13c52e12,development,incorrect,采集内容不符合要求,DL-NA52UU,completed,correct,,,f82fb6e8fc904f9f9978277c5f625903,,2,0.073902,0,32.58917612908408,32.816643945872784,0.0,[]
qwen3.7-plus-2026-05-26,bbfcabffdb5fea279fc6163999b941d2,development,incorrect,其他问题,DL-NA52UU,completed,incorrect,,,17b1504d9dbd48ae9f8459296b249c43,,2,0.066122,0,25.917014276143163,26.18331347592175,0.0,"[""main_visibility"", ""action"", ""retry_free"", ""completeness"", ""observed_failure""]"
qwen3.7-plus-2026-05-26,bd2c557f7f049696091c9e9c9071334f,development,incorrect,其他问题,DL-NA52UU,completed,incorrect,,,d535938c979143659cc9278848fcd551,,2,0.077372,0,28.56201773462817,28.800842348951846,0.0,"[""action"", ""completeness"", ""observed_failure""]"
qwen3.7-plus-2026-05-26,bdd6b76dfa45431cd1b38d7880562620,development,incorrect,反复重试,DL-NA52UU,completed,incorrect,,,5b0d0b895a194a5a816660105ff7000a,,2,0.098282,0,35.621931116096675,35.902736727148294,0.0,"[""retry_free""]"
qwen3.7-plus-2026-05-26,beec95be7216021de5a4786099cc57d6,development,incorrect,采集内容不符合要求,DL-NA52UU,completed,correct,,,d7523189141e4c55a9f76fad3c044bec,,2,0.06801399999999999,0,29.032594588119537,29.241950500756502,0.0,[]
qwen3.7-plus-2026-05-26,bf53e3a9680a3ef26a03170b159b3a1e,development,incorrect,反复重试,DL-NA52UU,completed,correct,,,50e353f818e14f518c5178422c4aa7ea,,2,0.074584,0,31.62143303314224,32.00874518696219,0.0,[]
qwen3.7-plus-2026-05-26,c0c424b6d56463335986c03b539bb0a8,development,incorrect,采集内容不符合要求,DL-NA52UU,completed,correct,,,01aeea772d434586920fab9821d24274,,2,0.068054,0,29.861455736216158,30.09396201185882,0.0,[]
qwen3.7-plus-2026-05-26,c39e801297e79acc264b7722f325afc5,holdout,incorrect,其他问题,DL-NA52UU,failed,,evidence,ValueError,3449c552c11c41fdbc8cd07bb4de7082,,2,0.071964,0,27.019480619579554,27.23082153033465,0.0,[]
qwen3.7-plus-2026-05-26,c55234cf7371f68775599662eac273c9,development,correct,,DL-NA52UU,completed,correct,,,2407154c3f61433f9e18c2d5e57be320,,2,0.078054,0,32.57317173387855,32.81561393709853,0.0,[]
qwen3.7-plus-2026-05-26,cb76a6c898174293af4b065eb6b2cad4,development,incorrect,其他问题,DL-NA52UU,completed,incorrect,,,8ffd7017e27b4dc189bfc166c3030f81,,2,0.083,0,31.599944814108312,31.836450808215886,0.0,"[""action"", ""completeness""]"
qwen3.7-plus-2026-05-26,cd6e74f8d82631b19f46e0cd9be80beb,development,incorrect,画面模糊,DL-NA52UU,completed,incorrect,,,8ca8849cccc448a4a9e76f230efb59d0,,2,0.075498,0,36.21967190084979,36.56441906699911,0.0,"[""image_quality""]"
qwen3.7-plus-2026-05-26,ce351d4d84b8514ab812eaf0c9bbc725,development,correct,,DL-NA52UU,needs_review,,,,cd36e77a1b724f62b4d298782fb59278,,2,0.07361,0,30.540102896280587,30.76721676811576,0.0,[]
qwen3.7-plus-2026-05-26,ce79d89df2457db83ff6cd1d13c6f8ce,holdout,incorrect,采集内容不符合要求,DL-NA52UU,failed,,evidence,ValidationError,9e9a84170a14453faf8ad4cc16d921f3,model_call: checks.object_match.reason / extra_forbidden; model_call: checks.scene_match.reason / extra_forbidden; model_call: checks.main_visibility.reason / extra_forbidden; model_call: checks.image_quality.reason / extra_forbidden; model_call: checks.action.reason / extra_forbidden; model_call: checks.retry_free.reason / extra_forbidden; model_call: checks.completeness.reason / extra_forbidden; model_call: hold.reason / extra_forbidden,2,0.070136,0,36.674647234380245,36.89318062597886,0.0,[]
qwen3.7-plus-2026-05-26,db0612946ce8f95ca0578f140656296f,development,incorrect,动作不完整,DL-NA52UU,needs_review,,,,9da01e035f2e4700903212fc9d37aa11,,2,0.072558,0,31.867700608912855,32.125014930032194,0.0,[]
qwen3.7-plus-2026-05-26,ea963175602f294d5a8002d5ab129998,development,correct,,DL-NA52UU,completed,correct,,,072eefb4869f4172b2f5b8a890bf8923,,2,0.0741,0,39.39418683294207,39.63561424380168,0.0,[]
qwen3.7-plus-2026-05-26,eb5335537efa7ea3de40031483773dbb,holdout,incorrect,采集内容不符合要求,DL-NA52UU,completed,incorrect,,,603c9c71a13446ec8144326438c9b0df,,2,0.067584,0,30.44565863488242,30.661338783800602,0.0,"[""object_match"", ""action"", ""completeness""]"
qwen3.7-plus-2026-05-26,ec2194931b757a3672edd5c224719bfd,development,incorrect,画面模糊,DL-NA52UU,completed,incorrect,,,5808cdce9e0f48b9823faaf90b93235d,,2,0.069556,0,31.809838576242328,32.02654907014221,0.0,"[""image_quality""]"
qwen3.7-plus-2026-05-26,ed3aed3a99169fdb0a95140cdd0baeab,development,incorrect,画面模糊,DL-NA52UU,completed,incorrect,,,de46ec2fb6da41d39bc595cd617956de,,2,0.06934,0,34.28761500259861,34.484961620066315,0.0,"[""image_quality""]"
qwen3.7-plus-2026-05-26,edbba8a3d5b5637d8e6352b794d12e1e,holdout,correct,,DL-NA52UU,completed,correct,,,028d82dbf3094a1da005add7d8314bf3,,2,0.078036,0,31.413022288121283,31.659646538086236,0.0,[]
qwen3.7-plus-2026-05-26,edc794c63c2f73a65e83e54d20d344bc,development,correct,,DL-NA52UU,completed,correct,,,6e0b3047ed184a5eaeb7f87d98a276be,,2,0.072772,0,29.76343989884481,30.010286834090948,0.0,[]
qwen3.7-plus-2026-05-26,ee723e930de2f114665b2bf0f8989449,holdout,incorrect,采集内容不符合要求,DL-NA52UU,completed,incorrect,,,aa156ec1bc4143858a42d08fc7831ebe,,2,0.068208,0,29.805577402934432,30.0428571049124,0.0,"[""scene_match""]"
qwen3.7-plus-2026-05-26,eedf9bbc787b4ae570dc00cd73e47646,holdout,correct,,DL-NA52UU,completed,correct,,,705a314416d44f3a90e075b81e06f14f,,2,0.07276,0,30.802050029858947,31.027709445916116,0.0,[]
qwen3.7-plus-2026-05-26,f07cc1f580fb8f7e6a6f1b61e189163c,development,incorrect,其他问题,DL-NA52UU,completed,incorrect,,,74e244b177ae449ab44dea2bc54a762f,,2,0.07108,0,29.240162161644548,29.470865183044225,0.0,"[""action"", ""retry_free"", ""completeness"", ""observed_failure""]"
qwen3.7-plus-2026-05-26,f0d636fb6aec9bcc4a52972300ad860e,development,incorrect,采集内容不符合要求,DL-NA52UU,completed,correct,,,70413178fb604efba2ba346406aa68ab,,2,0.07737,0,32.67420284310356,32.91801103204489,0.0,[]
qwen3.7-plus-2026-05-26,f0ecc2839f0d2265a2484da2b2f3302e,development,incorrect,反复重试,DL-NA52UU,completed,correct,,,75d9d2e6a6ff433a8bd03499415a9259,,2,0.082914,0,31.651757698040456,31.918167372234166,0.0,[]
qwen3.7-plus-2026-05-26,f15c12f5e93afe8b334ef4069088c412,development,correct,,DL-NA52UU,completed,correct,,,6282e73269a943888cd907b666d6aac9,,2,0.068222,0,29.518089146353304,29.75335241574794,0.0,[]
qwen3.7-plus-2026-05-26,f23b8bd4c1512606796c0c57a9599699,holdout,correct,,DL-NA52UU,completed,correct,,,da538fef53934e6faa489e3d6a44ce19,,2,0.073108,0,30.378476393874735,30.59562636120245,0.0,[]
qwen3.7-plus-2026-05-26,f63baf731e5e2b836448ba1a06c28de1,development,incorrect,反复重试,DL-NA52UU,completed,correct,,,a1a12f034b964d428e44917c3ef9b9be,,2,0.088184,0,31.5969478469342,31.865968713071197,0.0,[]
qwen3.7-plus-2026-05-26,f9228f9b33d158699b53c52ba2a110d8,holdout,incorrect,采集内容不符合要求,DL-NA52UU,failed,,evidence,ValidationError,e1eddfe466a0495f89d5bbafc45ee989,model_call: hold.start_time_s / extra_forbidden; model_call: hold.end_time_s / extra_forbidden; model_call: hold.duration_s / extra_forbidden; model_call: hold.status / extra_forbidden; model_call: hold.state / missing; model_call: hold.evidence_ids / missing,2,0.068134,0,29.844523997046053,30.063905263785273,0.0,[]
qwen3.7-plus-2026-05-26,f9abd6e1e36ef1dc5c144feba02de677,development,incorrect,其他问题,DL-NA52UU,completed,incorrect,,,d77efa52e8374a45bc48d46e17f0bccc,,2,0.076864,0,29.066958563402295,29.297844524960965,0.0,"[""action"", ""retry_free"", ""completeness"", ""observed_failure""]"
qwen3.7-plus-2026-05-26,fa0d448767a63c46592d4a6985da2295,development,incorrect,采集内容不符合要求,DL-NA52UU,completed,incorrect,,,c25a220c82424eb0a4be19995769ea9f,,2,0.071518,0,28.662095934618264,28.911745691206306,0.0,"[""action"", ""completeness""]"
qwen3.7-plus-2026-05-26,fe6ec1271668cd43ce3f74a29cda1ec3,development,incorrect,反复重试,DL-NA52UU,completed,incorrect,,,4c0e0cc9cb184188a64526a2d517102b,,2,0.089678,0,32.760089110117406,33.01863053906709,0.0,"[""retry_free"", ""observed_failure""]"
qwen3.8-flash,00acf09c6217f6aa3df1a38469d498a5,holdout,incorrect,采集内容不符合要求,DL-NA52UU,completed,incorrect,,,1e73efaf27a64b5eb3ce53ddf2adfb81,,2,0.030528700000000002,0,23.50206213677302,25.368989306036383,0.0,"[""object_match""]"
qwen3.8-flash,0336074e95fcd70939e29a4c611ff128,holdout,correct,,DL-NA52UU,completed,correct,,,ee72de2959744d86adc5a30e46f0deaf,,2,0.0304833,0,20.56614015903324,22.88004636578262,0.0,[]
qwen3.8-flash,07c67050aa8ac87892668a42a337a959,development,incorrect,动作不完整,DL-NA52UU,completed,correct,,,99001705ad214f62a2194c97f182d4d4,,2,0.0259703,0,21.892891481053084,22.217917224857956,0.0,[]
qwen3.8-flash,086a79e060f95c971e787885c9581882,development,incorrect,其他问题,DL-NA52UU,completed,incorrect,,,6e3a314ad51e4e18aa70259b2039d2ec,,2,0.027631300000000004,0,20.26228402927518,20.50976070575416,0.0,"[""action"", ""retry_free"", ""completeness"", ""observed_failure""]"
qwen3.8-flash,0959f1d4f277f6f71cdccecaa560fb0d,development,incorrect,反复重试,DL-NA52UU,failed,,quality,ValueError,e232adb8c07641d9a62705f0bd1eae52,quality_call: task_completion_status / extra_forbidden,2,0.0345088,0,19.68910612538457,19.94067499320954,0.0,[]
qwen3.8-flash,09a85376673f15a3cdb0a39ff2584bf0,development,correct,,DL-NA52UU,failed,,quality,ValueError,f87a755637a14f9ab75f4a855cbd1db3,quality_call: overall_pass / extra_forbidden,2,0.0280486,0,17.615930792875588,17.856992403045297,0.0,[]
qwen3.8-flash,0f80eb3646930cb61f2f18b6e1ffec3a,development,incorrect,采集内容不符合要求,DL-NA52UU,failed,,quality,ValueError,8fb4cf689a2d4865846074205ea2999d,quality_call: task_rules / extra_forbidden,2,0.026599200000000003,0,22.72598489932716,22.956794237717986,0.0,[]
qwen3.8-flash,0fd78ce12c4080f461bf238df472b5c7,development,incorrect,采集内容不符合要求,DL-NA52UU,completed,incorrect,,,fe47ebf4c1e34d5eb02051b8d19d73e8,,2,0.0319425,0,24.420784966554493,24.672882743179798,0.0,"[""object_match""]"
qwen3.8-flash,17104c20c2a59390537d044dbf383397,development,incorrect,其他问题,DL-NA52UU,completed,incorrect,,,6e7395b8252544e9a23054ce6502f583,,2,0.027977000000000002,0,21.503005406819284,21.89558995887637,0.0,"[""action"", ""retry_free"", ""completeness"", ""observed_failure""]"
qwen3.8-flash,17ede7daac1e086a6ff5dfaca0200896,holdout,incorrect,反复重试,DL-NA52UU,needs_review,,,,dc9db53b480b413cab1da8749064d1b1,,2,0.032402200000000006,0,22.149958514608443,22.406217603944242,0.0,[]
qwen3.8-flash,1d493b6454f7a78db11cb690f0e8451e,development,incorrect,采集内容不符合要求,DL-NA52UU,completed,incorrect,,,1353ee217049430f8abd9a4ac3fe34a8,,2,0.0274446,0,20.380480946041644,20.629438421223313,0.0,"[""object_match""]"
qwen3.8-flash,1e327011a2279207cd2bb58af05502bb,holdout,incorrect,反复重试,DL-NA52UU,completed,incorrect,,,4070a598b6164748b2ae056b154c3f29,,2,0.0357979,0,21.60226112511009,21.864149790257215,0.0,"[""image_quality"", ""action"", ""retry_free"", ""completeness"", ""observed_failure""]"
qwen3.8-flash,1f5efb40e548b0e328875b6b23cac0ca,development,incorrect,采集内容不符合要求,DL-NA52UU,failed,,quality,ValueError,34d97835d7c54589987eb883a9d0ae31,quality_call: reasoning / extra_forbidden,2,0.027551500000000007,0,17.16863399464637,17.395180413033813,0.0,[]
qwen3.8-flash,231c173c522716a72aecbfbe6d3b1387,development,correct,,DL-NA52UU,failed,,quality,ValueError,3b3e6a0d1af14c30bc76141d82b686ec,model_call: checks.object_match.reason / extra_forbidden; model_call: checks.scene_match.reason / extra_forbidden; model_call: checks.main_visibility.reason / extra_forbidden; model_call: checks.image_quality.reason / extra_forbidden; model_call: checks.action.reason / extra_forbidden; model_call: checks.retry_free.reason / extra_forbidden; model_call: checks.completeness.reason / extra_forbidden; model_call: hold.reason / extra_forbidden; quality_call: task_rules / extra_forbidden,2,0.026456399999999998,0,21.403770084492862,21.718415425159037,0.0,[]
qwen3.8-flash,2442ea8aea75b9038cf25a71f5db3bc7,development,correct,,DL-NA52UU,needs_review,,,,0e1a0ff6ba9745d088576cb3d73ed89c,,2,0.0260154,0,19.610284387134016,19.825957042630762,0.0,[]
qwen3.8-flash,245cdc7a3753f553476fad87dbbd5bea,holdout,incorrect,其他问题,DL-NA52UU,failed,,quality,ValueError,3322fa83458745e6b80d41ca24702b1e,quality_call: task_rules / extra_forbidden,2,0.0279053,0,19.19163060002029,19.4222828107886,0.0,[]
qwen3.8-flash,26aaa2e503fa7f222f7f6cb100258752,development,incorrect,其他问题,DL-NA52UU,completed,incorrect,,,90d755de63fd44118289afe26d8b85e8,,2,0.025411800000000005,0,16.82007271097973,17.12850259570405,0.0,"[""object_match"", ""action"", ""retry_free"", ""completeness"", ""observed_failure""]"
qwen3.8-flash,2a82bc37b834098989c69e5f2c3a672e,development,incorrect,画面模糊,DL-NA52UU,completed,incorrect,,,d34a844d48ce4a22b5b89a09f7a0e92f,,2,0.0262414,0,19.291258911136538,19.51572204614058,0.0,"[""image_quality""]"
qwen3.8-flash,2eb54be92d4383a1929ee63acd74467c,holdout,incorrect,其他问题,DL-NA52UU,completed,incorrect,,,245c02ffacd8491f98252f46a93ee64e,,2,0.0318697,0,22.98467174358666,23.243323959875852,0.0,"[""action"", ""retry_free"", ""completeness"", ""observed_failure""]"
qwen3.8-flash,31150ea66815816ea6e7c93a64651b2d,development,incorrect,采集内容不符合要求,DL-NA52UU,completed,incorrect,,,9331bb3bc9174dcfae37bb85bf222918,,2,0.028103300000000005,0,21.24415599182248,21.57412128476426,0.0,"[""scene_match"", ""main_visibility""]"
qwen3.8-flash,3417fc0095b5a333056d78f55b7b5c3b,development,correct,,DL-NA52UU,failed,,quality,ValueError,988818adb5a844c39130da2faf8ae14c,quality_call: overall_pass / extra_forbidden,2,0.028325400000000004,0,19.93537135096267,20.170813143253326,0.0,[]
qwen3.8-flash,363b466bd6d36e0e4ad831fe34cd35f6,development,incorrect,其他问题,DL-NA52UU,failed,,quality,ValueError,99dfd8f78c7b40e0831c4871237139bf,quality_call: overall_reason / extra_forbidden,2,0.0281024,0,19.858711919747293,20.0913402098231,0.0,[]
qwen3.8-flash,3c5a9105d62b825cc26e91c8cbcdad2a,development,incorrect,采集内容不符合要求,DL-NA52UU,failed,,quality,ValueError,4cbca08060ff426a921337d73a514d17,quality_call: overall_quality / extra_forbidden,2,0.0267825,0,21.10584723390639,21.350096481852233,0.0,[]
qwen3.8-flash,3c793087873b2dbc7eb19e950584dbb1,development,incorrect,其他问题,DL-NA52UU,completed,incorrect,,,8680feee45584c5687c982af0b03e76f,,2,0.025733400000000003,0,23.22493705386296,23.543123403098434,0.0,"[""action"", ""retry_free"", ""completeness"", ""observed_failure""]"
qwen3.8-flash,3d3cf9bfa86585c3a4464b5284ae6743,development,incorrect,采集内容不符合要求,DL-NA52UU,failed,,evidence,ValidationError,58d39199be8647bea4cf2d821a46d537,model_call: checks.object_match.reason / extra_forbidden; model_call: checks.scene_match.reason / extra_forbidden; model_call: checks.main_visibility.reason / extra_forbidden; model_call: checks.image_quality.reason / extra_forbidden; model_call: checks.action.reason / extra_forbidden; model_call: checks.retry_free.reason / extra_forbidden; model_call: checks.completeness.reason / extra_forbidden,2,0.0278995,0,18.99062643200159,19.250524893868715,0.0,[]
qwen3.8-flash,4004ec0dc60f7469b84fd1d3081bb4e4,holdout,incorrect,画面模糊,DL-NA52UU,failed,,evidence,TypeError,71ae0dcf2c35418db90751e63e3131e7,model_call:  / model_type,2,0.023456400000000002,0,9.651972196996212,9.948963376227766,0.0,[]
qwen3.8-flash,40148a890de9743992df69d02e1f2989,development,incorrect,采集内容不符合要求,DL-NA52UU,completed,incorrect,,,960d9f9ef9034f5db4f652c27ac92a77,,2,0.025754100000000002,0,19.89220777992159,20.135404352098703,0.0,"[""scene_match""]"
qwen3.8-flash,40665f855c748fbd166661034ef2469a,development,incorrect,其他问题,DL-NA52UU,failed,,quality,ValueError,f189bf1a6cb941ce85f7bd1e871cc561,quality_call: reason / extra_forbidden,2,0.0313385,0,20.089761049952358,20.838860526215285,0.0,[]
qwen3.8-flash,43758a9254d9ec4e0789e879abe2985e,holdout,incorrect,采集内容不符合要求,DL-NA52UU,completed,incorrect,,,835f19cbcd814ff48935afc7f9a84b4e,,2,0.027434,0,15.899539456702769,16.120052823331207,0.0,"[""object_match""]"
qwen3.8-flash,43fbfbc9c95a117c98eb288af6501eb8,holdout,incorrect,其他问题,DL-NA52UU,completed,incorrect,,,e14c10c3d5cc40c585054d4d78bd117b,,2,0.0340434,0,23.18461856432259,23.460485836025327,0.0,"[""action"", ""completeness"", ""observed_failure"", ""hold""]"
qwen3.8-flash,46dbe6c979945a8f96943c942d57a9d0,development,incorrect,其他问题,DL-NA52UU,completed,incorrect,,,eef12e150b474b9daace168e59e8197c,,2,0.0282537,0,20.742952319327742,20.964597917627543,0.0,"[""main_visibility"", ""completeness""]"
qwen3.8-flash,51afec8d279440fc43086a36f6d1037a,development,incorrect,采集内容不符合要求,DL-NA52UU,failed,,evidence,ValidationError,ab38dc0e12af47b4bb747841d155a3cf,model_call: checks.object_match.reason / extra_forbidden; model_call: checks.scene_match.reason / extra_forbidden; model_call: checks.main_visibility.reason / extra_forbidden; model_call: checks.image_quality.reason / extra_forbidden; model_call: checks.action.reason / extra_forbidden; model_call: checks.retry_free.reason / extra_forbidden; model_call: checks.completeness.reason / extra_forbidden; model_call: hold.reason / extra_forbidden,2,0.027021000000000003,0,25.810579563956708,26.204171636141837,0.0,[]
qwen3.8-flash,550417802b14e36d757d5cb6cc8d3c64,development,incorrect,采集内容不符合要求,DL-NA52UU,failed,,quality,ValueError,55a810f2c67b41b99eaeb75c72308159,quality_call: overall_quality / extra_forbidden,2,0.027228800000000004,0,20.492100008763373,20.732785171363503,0.0,[]
qwen3.8-flash,56a36ce18c26b289f683e04f4136db42,development,incorrect,采集内容不符合要求,DL-NA52UU,completed,incorrect,,,f68a619b6fb44d5681ba1a674c1e0486,,2,0.0275231,0,25.68286815006286,25.91240670904517,0.0,"[""scene_match""]"
qwen3.8-flash,64d34cdbae1a680cb4f3d7d42695e5b8,development,correct,,DL-NA52UU,failed,,quality,ValueError,f7c6677e021a4fea83cac5a8a041e120,quality_call: overall_pass / extra_forbidden,2,0.028074500000000002,0,19.899477237835526,20.12692062323913,0.0,[]
qwen3.8-flash,702c197ab0cb0ec9f0587c0faadd0564,holdout,incorrect,动作不完整,DL-NA52UU,needs_review,,,,6c9a2564d36b4bfa910757fe0e7be969,,2,0.029535000000000002,0,17.504330997355282,17.74916709912941,0.0,[]
qwen3.8-flash,7819d47cc07ecc6b7b8709218b95e964,development,correct,,DL-NA52UU,completed,correct,,,6b07555d90684b1ca204f0186a113762,,2,0.027735499999999996,0,18.97596002323553,19.22534182202071,0.0,[]
qwen3.8-flash,78991c3e3eb0149b9e29551d03268873,development,incorrect,其他问题,DL-NA52UU,completed,incorrect,,,69d5b4ff06fe478cad34e4ddc9f5ac3e,,2,0.032734200000000005,0,22.055657383054495,22.27644912293181,0.0,"[""image_quality"", ""action"", ""completeness"", ""hold""]"
qwen3.8-flash,7ae046ee421fc1c59f8cdcd44e7ed765,development,correct,,DL-NA52UU,failed,,quality,ValueError,1ffe01b839f4466da06b1825bc47e9a4,quality_call: instruction / extra_forbidden,2,0.027693600000000006,0,22.30083450023085,22.63566033402458,0.0,[]
qwen3.8-flash,7bb3b9babcab2660c193b82f5960e40a,holdout,incorrect,其他问题,DL-NA52UU,failed,,quality,ValueError,608d9e5d74564d92be420a917ce627e7,quality_call: overall_quality / extra_forbidden,2,0.034121900000000004,0,26.70665902690962,27.007583968807012,0.0,[]
qwen3.8-flash,7c0876d845fd585ea1c0f0c97acb327e,holdout,incorrect,动作不完整,DL-NA52UU,failed,,evidence,ValueError,97a0cfe86e794c60ae32fd68d33c34d9,,2,0.025437,0,16.67303719604388,16.98302565002814,0.0,[]
qwen3.8-flash,7cf8f38d1991e9f41cd91487e2bdde2b,development,incorrect,动作不完整,DL-NA52UU,failed,,quality,ValueError,3a7d6227fc9c469d962b21031055f3ac,quality_call: overall_quality / extra_forbidden,2,0.028629400000000006,0,17.931887086946517,18.152627888601273,0.0,[]
qwen3.8-flash,821840f67e136e2f303a6c24f9932693,development,incorrect,画面模糊,DL-NA52UU,completed,incorrect,,,2757109f94a14a578195a8d22e4f4269,,2,0.0261355,0,20.42510100081563,20.629448893945664,0.0,"[""image_quality""]"
qwen3.8-flash,83120f05cb269a444828b99b00df4deb,holdout,incorrect,反复重试,DL-NA52UU,completed,incorrect,,,776b981cb21a4bb4832461448e4a2110,,2,0.0326264,0,21.155732164159417,21.418079525697976,0.0,"[""retry_free"", ""observed_failure""]"
qwen3.8-flash,8568e174833e5d3e8e39746691b443e3,holdout,incorrect,采集内容不符合要求,DL-NA52UU,failed,,quality,ValueError,98bf542911204a28bc7dd2b671119a1f,quality_call: comment / extra_forbidden,2,0.028623299999999997,0,23.422449361998588,23.67126613110304,0.0,[]
qwen3.8-flash,8a3b47f5f1ec5e40de404d9c786675f0,development,incorrect,画面模糊,DL-NA52UU,failed,,quality,ValueError,c7d742b2dac0408581e283783680d4b3,quality_call: overall_pass / extra_forbidden,2,0.026899400000000004,0,21.434649298433214,21.631643671076745,0.0,[]
qwen3.8-flash,8b408b6f2d8a21129729b212bdfa4d45,holdout,incorrect,画面模糊,DL-NA52UU,completed,incorrect,,,605b36ec3e89490d8374f52e682abb21,,2,0.026137300000000002,0,22.92157286591828,23.133904117159545,0.0,"[""image_quality""]"
qwen3.8-flash,8be00c38e9590444c7bc46bcae942da6,development,incorrect,采集内容不符合要求,DL-NA52UU,failed,,quality,ValueError,1c697c6fd67241518ad9c39b02257f50,quality_call: overall_pass / extra_forbidden,2,0.0261539,0,21.499205745290965,21.755218802951276,0.0,[]
qwen3.8-flash,8c8e186afce745ed6e087981adeae64a,development,incorrect,其他问题,DL-NA52UU,failed,,quality,ValueError,3b827eeca1e241599c84dd632d25bfcd,quality_call: overall_pass / extra_forbidden,2,0.0262999,0,19.728739446029067,19.952557670883834,0.0,[]
qwen3.8-flash,8ca5129f5a75bca97f737b3aa6048db7,holdout,incorrect,画面模糊,DL-NA52UU,completed,incorrect,,,ed84fecdc4ab4c2d92eafa6bb8c7d28e,,2,0.026542100000000002,0,19.72730157803744,19.947909582871944,0.0,"[""image_quality""]"
qwen3.8-flash,8cf3c3e9a34cbdfc45edfca483199bb7,development,correct,,DL-NA52UU,completed,correct,,,e6719e41ce964ca6ab89e4d5cf2e3456,,2,0.0281379,0,20.903738202061504,21.12382443808019,0.0,[]
qwen3.8-flash,920a86fd2d8209db5911da1cfd603a61,development,incorrect,画面模糊,DL-NA52UU,completed,incorrect,,,4529e837a9be4e6a922988df88e4f1f0,,2,0.026445299999999998,0,19.43315493874252,19.659989080391824,0.0,"[""image_quality""]"
qwen3.8-flash,95d643b4098c33b7e38a9299f669b211,development,incorrect,其他问题,DL-NA52UU,completed,incorrect,,,6ae652319e5c42b1b1b3f8e964cd7761,,2,0.032291,0,21.120929815340787,21.358483258169144,0.0,"[""action"", ""completeness"", ""hold""]"
qwen3.8-flash,95dc7dab06a9c308c8dab3f0f4c5c0e3,holdout,incorrect,其他问题,DL-NA52UU,failed,,quality,ValueError,8287930e38f7496d88df0578a9447903,quality_call: frame_id / extra_forbidden,2,0.0271543,0,19.32346428791061,19.610531758051366,0.0,[]
qwen3.8-flash,965f23817dd8cba1f8dbe35bd9b0e649,holdout,incorrect,其他问题,DL-NA52UU,failed,,quality,ValueError,c3252b32b7fa41cc9b6a4e901185a805,quality_call: task_rules / extra_forbidden,2,0.032348600000000005,0,20.581448142882437,20.831108605954796,0.0,[]
qwen3.8-flash,99a8518a2ff64cfe979f99a31081d6b2,development,incorrect,反复重试,DL-NA52UU,completed,correct,,,6dcb3594fc5d47a99660119f96d2ebca,,2,0.031920500000000004,0,18.122918081004173,18.37566380435601,0.0,[]
qwen3.8-flash,9c0b19fdc7191fb602898b65d756dda4,development,correct,,DL-NA52UU,failed,,quality,ValueError,9135fb70251c47839aceea0a80bdb00c,quality_call: reason / extra_forbidden,2,0.0296824,0,20.59429784817621,20.83816867414862,0.0,[]
qwen3.8-flash,9ca7daa14c22ea5a76953c4568223c72,development,incorrect,其他问题,DL-NA52UU,failed,,quality,ValueError,e559c4d2546d438db37ad033501a6ab1,model_call: checks.object_match.reason / extra_forbidden; model_call: checks.scene_match.reason / extra_forbidden; model_call: checks.main_visibility.reason / extra_forbidden; model_call: checks.image_quality.reason / extra_forbidden; model_call: checks.action.reason / extra_forbidden; model_call: checks.retry_free.reason / extra_forbidden; model_call: checks.completeness.reason / extra_forbidden; quality_call: frame_id / extra_forbidden,2,0.0323774,0,22.497895358595997,22.800541791133583,0.0,[]
qwen3.8-flash,9d6b44fbc89eb3d272a23066a7dc98e7,holdout,incorrect,采集内容不符合要求,DL-NA52UU,completed,correct,,,c7a66dc6ddf3418a8ba3f983f198fde7,,2,0.025916699999999997,0,20.95076267933473,21.19105662871152,0.0,[]
qwen3.8-flash,a152630f528748dc64665d5f9eff337d,holdout,incorrect,采集内容不符合要求,DL-NA52UU,completed,incorrect,,,bc7851005bc64876a10042a54e12d829,,2,0.0293181,0,18.08445160696283,18.34011311409995,0.0,"[""object_match"", ""scene_match""]"
qwen3.8-flash,a1b8503cd73cb861df7acd528eb2b877,holdout,correct,,DL-NA52UU,needs_review,,,,b458d7ace0744dc2ac24f10cff9fd3d6,,2,0.029339999999999998,0,20.52197583625093,20.77029211493209,0.0,[]
qwen3.8-flash,a21aeb0d0d764970f738f8c95d6bfb82,holdout,correct,,DL-NA52UU,completed,incorrect,,,e2ed48f4eca2495f95d8375ad718c360,,2,0.0304855,0,19.62069002399221,19.847073464654386,0.0,"[""image_quality""]"
qwen3.8-flash,a51047b4860a3548f7344407b998e73d,development,incorrect,采集内容不符合要求,DL-NA52UU,completed,incorrect,,,e90ca10f34114f42b0db24b1c32127e8,,2,0.0272165,0,18.27489510504529,18.502401722595096,0.0,"[""object_match"", ""action"", ""completeness""]"
qwen3.8-flash,abdce77eb482de1057b8734d43239ad9,development,incorrect,采集内容不符合要求,DL-NA52UU,failed,,quality,ValueError,3c9651887803432dac2669f67fd0a88c,quality_call: overall_pass / extra_forbidden,2,0.029869299999999998,0,25.416390281170607,25.64866557298228,0.0,[]
qwen3.8-flash,ae59a1897063c6b7cd4fb9ec11603160,development,incorrect,其他问题,DL-NA52UU,completed,incorrect,,,0d2dd109ce68479c844b65623f5abe85,,2,0.027569200000000002,0,18.94813279621303,19.180442248936743,0.0,"[""action"", ""retry_free"", ""completeness"", ""observed_failure""]"
qwen3.8-flash,b1164384ac56d7b59ffe6010ad61b26b,development,incorrect,采集内容不符合要求,DL-NA52UU,failed,,quality,ValueError,4fa126a0bbab42519b41ca0b490d3df2,quality_call: instruction / extra_forbidden,2,0.0257046,0,20.447739383671433,20.677694438956678,0.0,[]
qwen3.8-flash,b1b9a1f36d8a1eb1d07663ff13c52e12,development,incorrect,采集内容不符合要求,DL-NA52UU,failed,,quality,ValueError,18fcf3afe6d54b2f9762ec9b51053eea,quality_call: comment / extra_forbidden,2,0.028236500000000005,0,22.482948421966285,22.71414589183405,0.0,[]
qwen3.8-flash,bbfcabffdb5fea279fc6163999b941d2,development,incorrect,其他问题,DL-NA52UU,completed,incorrect,,,4f92001a1a2c4abab38ecdef4e2cdd6c,,2,0.025447400000000002,0,23.47781916987151,23.69306629197672,0.0,"[""image_quality"", ""action"", ""retry_free"", ""completeness"", ""observed_failure""]"
qwen3.8-flash,bd2c557f7f049696091c9e9c9071334f,development,incorrect,其他问题,DL-NA52UU,failed,,evidence,ValidationError,b76d1e9e46c94c4caba9c2a8359fe8f4,quality_call: quality_by_camera.left_wrist.evidence_ids_note / extra_forbidden,2,0.0298569,0,21.72785354219377,21.973021798301488,0.0,[]
qwen3.8-flash,bdd6b76dfa45431cd1b38d7880562620,development,incorrect,反复重试,DL-NA52UU,failed,,quality,ValueError,0c0f4be6bff9408aab40506c0664eaca,quality_call: frame_id / extra_forbidden,2,0.038686700000000004,0,29.160442790016532,29.439918516669422,0.0,[]
qwen3.8-flash,beec95be7216021de5a4786099cc57d6,development,incorrect,采集内容不符合要求,DL-NA52UU,completed,incorrect,,,7d21a21c4a994ceb9252e55ebcc82a10,,2,0.0264439,0,26.431791190523654,26.662945094052702,0.0,"[""image_quality""]"
qwen3.8-flash,bf53e3a9680a3ef26a03170b159b3a1e,development,incorrect,反复重试,DL-NA52UU,failed,,quality,ValueError,2341fb776fd943109b68686125e7e304,quality_call: overall_quality / extra_forbidden,2,0.0282119,0,22.611849697772413,22.842016999144107,0.0,[]
qwen3.8-flash,c0c424b6d56463335986c03b539bb0a8,development,incorrect,采集内容不符合要求,DL-NA52UU,failed,,quality,ValueError,baab666c36c144a2a1d1e9e146f37cc6,quality_call: instruction / extra_forbidden,2,0.025897900000000005,0,17.6979814437218,17.92090030340478,0.0,[]
qwen3.8-flash,c39e801297e79acc264b7722f325afc5,holdout,incorrect,其他问题,DL-NA52UU,completed,incorrect,,,ccf4148785784a1b84d69162119473e1,,2,0.0280207,0,18.589501094073057,18.799295713659376,0.0,"[""main_visibility"", ""action"", ""completeness""]"
qwen3.8-flash,c55234cf7371f68775599662eac273c9,development,correct,,DL-NA52UU,completed,correct,,,e7624acdcf1e45308ce584813cb8f089,,2,0.029540200000000003,0,19.65564867760986,19.931315545924008,0.0,[]
qwen3.8-flash,cb76a6c898174293af4b065eb6b2cad4,development,incorrect,其他问题,DL-NA52UU,failed,,quality,ValueError,37e6b4bfc59941a1bbb585048b5ed8f8,quality_call: task_rules / extra_forbidden,2,0.0319661,0,22.81257219100371,23.16432383377105,0.0,[]
qwen3.8-flash,cd6e74f8d82631b19f46e0cd9be80beb,development,incorrect,画面模糊,DL-NA52UU,completed,incorrect,,,af1658c156914068b9d05c18746fc720,,2,0.0282412,0,27.758029690012336,27.969720233231783,0.0,"[""image_quality""]"
qwen3.8-flash,ce351d4d84b8514ab812eaf0c9bbc725,development,correct,,DL-NA52UU,completed,incorrect,,,5e5c97661aed44f79e3ce923a7dffc3c,,2,0.0280838,0,19.418189906980842,19.696889793965966,0.0,"[""image_quality""]"
qwen3.8-flash,ce79d89df2457db83ff6cd1d13c6f8ce,holdout,incorrect,采集内容不符合要求,DL-NA52UU,completed,incorrect,,,2dfab20284384f01a5edca4f7c820460,,2,0.0258554,0,20.303635821677744,20.528058918192983,0.0,"[""object_match"", ""action"", ""completeness""]"
qwen3.8-flash,db0612946ce8f95ca0578f140656296f,development,incorrect,动作不完整,DL-NA52UU,failed,,evidence,ValidationError,897a5c3c36354ef09f08d54184698835,model_call: checks.object_match.reason / extra_forbidden; model_call: checks.scene_match.reason / extra_forbidden; model_call: checks.main_visibility.reason / extra_forbidden; model_call: checks.image_quality.reason / extra_forbidden; model_call: checks.action.reason / extra_forbidden; model_call: checks.retry_free.reason / extra_forbidden; model_call: checks.completeness.reason / extra_forbidden; model_call: hold.reason / extra_forbidden,2,0.029121,0,31.1110274088569,31.335080474615097,0.0,[]
qwen3.8-flash,ea963175602f294d5a8002d5ab129998,development,correct,,DL-NA52UU,failed,,quality,ValueError,ed8c5462817041f59299e1601919d5a6,quality_call: overall_pass / extra_forbidden,2,0.027841699999999997,0,23.11624974803999,23.35055024502799,0.0,[]
qwen3.8-flash,eb5335537efa7ea3de40031483773dbb,holdout,incorrect,采集内容不符合要求,DL-NA52UU,completed,incorrect,,,d5b4093d9c604610a4744d46d2c61291,,2,0.025217,0,16.630674906075,16.857556333765388,0.0,"[""object_match"", ""image_quality""]"
qwen3.8-flash,ec2194931b757a3672edd5c224719bfd,development,incorrect,画面模糊,DL-NA52UU,completed,incorrect,,,6fa2a20696514382aa0c381de5e384b4,,2,0.026560400000000005,0,19.788130649831146,20.00047842087224,0.0,"[""image_quality""]"
qwen3.8-flash,ed3aed3a99169fdb0a95140cdd0baeab,development,incorrect,画面模糊,DL-NA52UU,completed,incorrect,,,e4c385f5e0294c218f8e96cfde8c8b56,,2,0.026044600000000005,0,22.50610540062189,22.71054793894291,0.0,"[""image_quality""]"
qwen3.8-flash,edbba8a3d5b5637d8e6352b794d12e1e,holdout,correct,,DL-NA52UU,completed,correct,,,23eb61a8049e4ff581a0ee9aa954b253,,2,0.0298047,0,19.99060511868447,20.260698937810957,0.0,[]
qwen3.8-flash,edc794c63c2f73a65e83e54d20d344bc,development,correct,,DL-NA52UU,failed,,evidence,ValidationError,e2a117837a58479cbc467e2acfa71645,model_call: checks.object_match.reason / extra_forbidden; model_call: checks.scene_match.reason / extra_forbidden; model_call: checks.main_visibility.reason / extra_forbidden; model_call: checks.image_quality.reason / extra_forbidden; model_call: checks.action.reason / extra_forbidden; model_call: checks.retry_free.reason / extra_forbidden; model_call: checks.completeness.reason / extra_forbidden; model_call: hold.reason / extra_forbidden,2,0.0294815,0,24.885193783324212,25.159036695957184,0.0,[]
qwen3.8-flash,ee723e930de2f114665b2bf0f8989449,holdout,incorrect,采集内容不符合要求,DL-NA52UU,completed,incorrect,,,e9b4a2bb6bab430f8da039dc49944042,,2,0.0271012,0,23.540683215018362,23.763369453139603,0.0,"[""scene_match"", ""image_quality""]"
qwen3.8-flash,eedf9bbc787b4ae570dc00cd73e47646,holdout,correct,,DL-NA52UU,completed,correct,,,d180dfcba1d3447fb1ed26bdf6026c45,,2,0.0274411,0,19.467905801255256,19.694098755717278,0.0,[]
qwen3.8-flash,f07cc1f580fb8f7e6a6f1b61e189163c,development,incorrect,其他问题,DL-NA52UU,failed,,quality,ValueError,cac4afcd2bcc4ee3a0d6d0c5b9512ef5,quality_call: reason / extra_forbidden,2,0.027358,0,21.630019705276936,21.88681374769658,0.0,[]
qwen3.8-flash,f0d636fb6aec9bcc4a52972300ad860e,development,incorrect,采集内容不符合要求,DL-NA52UU,failed,,quality,ValueError,3f72f8c8b9e14421a99aaaa14810b6c8,model_call: checks.object_match.reason / extra_forbidden; model_call: checks.scene_match.reason / extra_forbidden; model_call: checks.main_visibility.reason / extra_forbidden; model_call: checks.image_quality.reason / extra_forbidden; model_call: checks.action.reason / extra_forbidden; model_call: checks.retry_free.reason / extra_forbidden; model_call: checks.completeness.reason / extra_forbidden; model_call: hold.reason / extra_forbidden; quality_call: instruction / extra_forbidden,2,0.0306318,0,28.748269088100642,28.980886286124587,0.0,[]
qwen3.8-flash,f0ecc2839f0d2265a2484da2b2f3302e,development,incorrect,反复重试,DL-NA52UU,completed,incorrect,,,153c5b0d84b844109fea9384d44d8e44,,2,0.0320823,0,19.450740256812423,19.7135978997685,0.0,"[""retry_free"", ""observed_failure""]"
qwen3.8-flash,f15c12f5e93afe8b334ef4069088c412,development,correct,,DL-NA52UU,completed,correct,,,4b9bd596355d45b190c617b765f83ecd,,2,0.026113699999999997,0,24.480223873164505,24.708363076206297,0.0,[]
qwen3.8-flash,f23b8bd4c1512606796c0c57a9599699,holdout,correct,,DL-NA52UU,completed,incorrect,,,ee0d9616d7074bb19e45caf57ace01e8,,2,0.027616300000000003,0,17.115206690505147,17.337480559945107,0.0,"[""image_quality""]"
qwen3.8-flash,f63baf731e5e2b836448ba1a06c28de1,development,incorrect,反复重试,DL-NA52UU,failed,,quality,ValueError,47a0fb12214745be8534fa8ed81f171a,quality_call: task_rules / extra_forbidden,2,0.0342108,0,22.59469313174486,22.86275607626885,0.0,[]
qwen3.8-flash,f9228f9b33d158699b53c52ba2a110d8,holdout,incorrect,采集内容不符合要求,DL-NA52UU,completed,incorrect,,,25e6bbe417ce4cd289e5350f18304d6a,,2,0.025855200000000002,0,20.32821633806452,20.54449346801266,0.0,"[""image_quality""]"
qwen3.8-flash,f9abd6e1e36ef1dc5c144feba02de677,development,incorrect,其他问题,DL-NA52UU,failed,,quality,ValueError,dcdb93a4bbe64d2d92e265e550dbe84d,model_call: checks.object_match.reason / extra_forbidden; model_call: checks.scene_match.reason / extra_forbidden; model_call: checks.main_visibility.reason / extra_forbidden; model_call: checks.image_quality.reason / extra_forbidden; model_call: checks.action.reason / extra_forbidden; model_call: checks.retry_free.reason / extra_forbidden; model_call: checks.completeness.reason / extra_forbidden; model_call: hold.reason / extra_forbidden; quality_call: frame_id / extra_forbidden,2,0.0302376,0,26.03153259307146,26.27787709608674,0.0,[]
qwen3.8-flash,fa0d448767a63c46592d4a6985da2295,development,incorrect,采集内容不符合要求,DL-NA52UU,failed,,quality,ValueError,bb422f48764e480cb688cfb660f00bab,quality_call: frame_id / extra_forbidden,2,0.0281337,0,20.350287369452417,20.621664026286453,0.0,[]
qwen3.8-flash,fe6ec1271668cd43ce3f74a29cda1ec3,development,incorrect,反复重试,DL-NA52UU,completed,incorrect,,,eeb6a2c7271349d1b2e78464e15b4edf,,2,0.0344305,0,24.77887279400602,25.0251187463291,0.0,"[""image_quality""]"
qwen3-vl-plus-2025-12-19,00acf09c6217f6aa3df1a38469d498a5,holdout,incorrect,采集内容不符合要求,DL-NA52UU,completed,correct,,,63a8c9b7b9ce474ea18ab952af137fe3,,2,0.04933,0,51.75870223110542,53.29520877311006,0.0,[]
qwen3-vl-plus-2025-12-19,0336074e95fcd70939e29a4c611ff128,holdout,correct,,DL-NA52UU,completed,incorrect,,,bbeb57708c064643a2d00faf428841dd,,2,0.046092,0,38.38611793797463,40.250974230933934,0.0,"[""object_match""]"
qwen3-vl-plus-2025-12-19,07c67050aa8ac87892668a42a337a959,development,incorrect,动作不完整,DL-NA52UU,needs_review,,,,85418d9fbbba4cc3994a32907f62af10,,2,0.043003,0,47.138972179964185,47.40955619420856,0.0,[]
qwen3-vl-plus-2025-12-19,086a79e060f95c971e787885c9581882,development,incorrect,其他问题,DL-NA52UU,completed,incorrect,,,1b91eebefeaa486aaeac4e1cb969b102,,2,0.047487,0,49.77611153712496,50.00940814381465,0.0,"[""retry_free"", ""observed_failure""]"
qwen3-vl-plus-2025-12-19,0959f1d4f277f6f71cdccecaa560fb0d,development,incorrect,反复重试,DL-NA52UU,completed,incorrect,,,497df94757574c70835ec09ffde98426,,2,0.053309,0,50.99912048410624,51.24364938074723,0.0,"[""image_quality"", ""retry_free""]"
qwen3-vl-plus-2025-12-19,09a85376673f15a3cdb0a39ff2584bf0,development,correct,,DL-NA52UU,completed,correct,,,80fb200be5074ca5a325efab0118d4c2,,2,0.044343,0,39.2976223314181,39.51834107609466,0.0,[]
qwen3-vl-plus-2025-12-19,0f80eb3646930cb61f2f18b6e1ffec3a,development,incorrect,采集内容不符合要求,DL-NA52UU,completed,incorrect,,,c96dda30d1114a6ca4020ffbc6f88479,,2,0.043062,0,46.46052818978205,46.78237369284034,0.0,"[""scene_match""]"
qwen3-vl-plus-2025-12-19,0fd78ce12c4080f461bf238df472b5c7,development,incorrect,采集内容不符合要求,DL-NA52UU,completed,incorrect,,,4848a78743f447739e8343de20a4ec3d,,2,0.050745,0,46.31991417333484,46.56616199016571,0.0,"[""object_match""]"
qwen3-vl-plus-2025-12-19,17104c20c2a59390537d044dbf383397,development,incorrect,其他问题,DL-NA52UU,completed,incorrect,,,4cd99e872bd34cd8b8ba487711eaf4ff,,2,0.046381000000000006,0,45.82905587321147,46.05616775108501,0.0,"[""action"", ""retry_free"", ""observed_failure""]"
qwen3-vl-plus-2025-12-19,17ede7daac1e086a6ff5dfaca0200896,holdout,incorrect,反复重试,DL-NA52UU,needs_review,,,,82d588eff13142aab3d3e9659fbc2ab2,,2,0.049731,0,44.0125161614269,44.274915498681366,0.0,[]
qwen3-vl-plus-2025-12-19,1d493b6454f7a78db11cb690f0e8451e,development,incorrect,采集内容不符合要求,DL-NA52UU,needs_review,,,,7645196460754ed3a69b9f0b9ed2329f,,2,0.043955,0,40.38363174768165,40.71694231312722,0.0,[]
qwen3-vl-plus-2025-12-19,1e327011a2279207cd2bb58af05502bb,holdout,incorrect,反复重试,DL-NA52UU,needs_review,,,,3b25d6edd8744fd48def7cd1666f54ca,,2,0.059833,0,54.98053358728066,55.25565131800249,0.0,[]
qwen3-vl-plus-2025-12-19,1f5efb40e548b0e328875b6b23cac0ca,development,incorrect,采集内容不符合要求,DL-NA52UU,completed,incorrect,,,c929edc687ba42748ea4160bab2b3d64,,2,0.045024999999999996,0,40.76598091330379,41.02466943394393,0.0,"[""object_match""]"
qwen3-vl-plus-2025-12-19,231c173c522716a72aecbfbe6d3b1387,development,correct,,DL-NA52UU,completed,correct,,,f3320cc268ec4baa90054c22ea6faed5,,2,0.042718,0,42.06497709592804,42.286126795224845,0.0,[]
qwen3-vl-plus-2025-12-19,2442ea8aea75b9038cf25a71f5db3bc7,development,correct,,DL-NA52UU,completed,incorrect,,,3a7bd1dd43a842bc878034e8b5c537b2,,2,0.045499,0,50.9611246958375,51.2651969040744,0.0,"[""completeness"", ""hold""]"
qwen3-vl-plus-2025-12-19,245cdc7a3753f553476fad87dbbd5bea,holdout,incorrect,其他问题,DL-NA52UU,completed,correct,,,6ee5ae730f5347bea359751efaf005f1,,2,0.046725,0,46.66740889614448,46.882169829681516,0.0,[]
qwen3-vl-plus-2025-12-19,26aaa2e503fa7f222f7f6cb100258752,development,incorrect,其他问题,DL-NA52UU,failed,,evidence,ValueError,07a09248ea3e48d294b7d99a1a99ab4f,,2,0.042953,0,40.20415171375498,40.44495462300256,0.0,[]
qwen3-vl-plus-2025-12-19,2a82bc37b834098989c69e5f2c3a672e,development,incorrect,画面模糊,DL-NA52UU,completed,incorrect,,,6044cef11b8a43fbab2b5fe10b002127,,2,0.045929,0,53.64721947768703,53.85099244583398,0.0,"[""image_quality""]"
qwen3-vl-plus-2025-12-19,2eb54be92d4383a1929ee63acd74467c,holdout,incorrect,其他问题,DL-NA52UU,completed,incorrect,,,ea1d63ca9f47461dbe61d973809bc552,,2,0.0532,0,48.54683232307434,48.80501873092726,0.0,"[""retry_free"", ""completeness"", ""observed_failure"", ""hold""]"
qwen3-vl-plus-2025-12-19,31150ea66815816ea6e7c93a64651b2d,development,incorrect,采集内容不符合要求,DL-NA52UU,completed,incorrect,,,a89b8b6cd83e4b7bb5f9eaba57126019,,2,0.045714,0,42.59748917911202,42.844961267896,0.0,"[""scene_match""]"
qwen3-vl-plus-2025-12-19,3417fc0095b5a333056d78f55b7b5c3b,development,correct,,DL-NA52UU,completed,correct,,,8c7fce8c8c654f9bbf2fd37c6a845a1d,,2,0.047339,0,45.58116694306955,45.80608298070729,0.0,[]
qwen3-vl-plus-2025-12-19,363b466bd6d36e0e4ad831fe34cd35f6,development,incorrect,其他问题,DL-NA52UU,completed,incorrect,,,db70c79107b046ab95a02f6ca0dbc07f,,2,0.045216,0,43.34428448602557,43.5961303091608,0.0,"[""main_visibility"", ""completeness""]"
qwen3-vl-plus-2025-12-19,3c5a9105d62b825cc26e91c8cbcdad2a,development,incorrect,采集内容不符合要求,DL-NA52UU,completed,incorrect,,,65cb9e1a11dd4c53b821801d281ed229,,2,0.041745,0,39.67763499869034,39.920124934986234,0.0,"[""scene_match"", ""action"", ""completeness""]"
qwen3-vl-plus-2025-12-19,3c793087873b2dbc7eb19e950584dbb1,development,incorrect,其他问题,DL-NA52UU,completed,incorrect,,,87297226e00041d9b2021ac98713b93b,,2,0.043286,0,40.593622801825404,40.82264490891248,0.0,"[""action"", ""retry_free"", ""completeness"", ""observed_failure""]"
qwen3-vl-plus-2025-12-19,3d3cf9bfa86585c3a4464b5284ae6743,development,incorrect,采集内容不符合要求,DL-NA52UU,completed,incorrect,,,df40eadef9554b3db9ab781981a84e3b,,2,0.043975,0,43.0063859061338,43.32312283292413,0.0,"[""object_match""]"
qwen3-vl-plus-2025-12-19,4004ec0dc60f7469b84fd1d3081bb4e4,holdout,incorrect,画面模糊,DL-NA52UU,completed,incorrect,,,5fd07831586d4d91893925bd8e5ce069,,2,0.042803,0,40.94031415320933,41.15970832994208,0.0,"[""image_quality""]"
qwen3-vl-plus-2025-12-19,40148a890de9743992df69d02e1f2989,development,incorrect,采集内容不符合要求,DL-NA52UU,completed,incorrect,,,9825b2376b9f4d7ea94d83122129405c,,2,0.041377,0,43.11627699295059,43.35373504087329,0.0,"[""scene_match"", ""completeness"", ""hold""]"
qwen3-vl-plus-2025-12-19,40665f855c748fbd166661034ef2469a,development,incorrect,其他问题,DL-NA52UU,completed,incorrect,,,2d2ffab5c9ef46b589efe91519c4d601,,2,0.053592,0,55.330741248093545,55.58764595305547,0.0,"[""retry_free"", ""observed_failure""]"
qwen3-vl-plus-2025-12-19,43758a9254d9ec4e0789e879abe2985e,holdout,incorrect,采集内容不符合要求,DL-NA52UU,completed,incorrect,,,a7287a5c7e2a4137ad9931790deb6cef,,2,0.046388,0,47.38888425193727,47.62356616090983,0.0,"[""object_match"", ""image_quality""]"
qwen3-vl-plus-2025-12-19,43fbfbc9c95a117c98eb288af6501eb8,holdout,incorrect,其他问题,DL-NA52UU,completed,incorrect,,,f28d7525854249e08a4a256dae483c82,,2,0.05404,0,52.13085925299674,52.54645002586767,0.0,"[""action"", ""retry_free"", ""completeness"", ""observed_failure""]"
qwen3-vl-plus-2025-12-19,46dbe6c979945a8f96943c942d57a9d0,development,incorrect,其他问题,DL-NA52UU,completed,incorrect,,,41986715773a4a4a87eca83c01413435,,2,0.045677,0,46.9810727937147,47.19553782604635,0.0,"[""main_visibility""]"
qwen3-vl-plus-2025-12-19,51afec8d279440fc43086a36f6d1037a,development,incorrect,采集内容不符合要求,DL-NA52UU,completed,incorrect,,,b36406f14fb64e30900a9fc4174f29b1,,2,0.041579000000000005,0,38.07173013500869,38.326157229952514,0.0,"[""scene_match""]"
qwen3-vl-plus-2025-12-19,550417802b14e36d757d5cb6cc8d3c64,development,incorrect,采集内容不符合要求,DL-NA52UU,completed,incorrect,,,20d8761395b34877b0cb973efc7c256d,,2,0.046903,0,50.42859663022682,50.66954148514196,0.0,"[""object_match""]"
qwen3-vl-plus-2025-12-19,56a36ce18c26b289f683e04f4136db42,development,incorrect,采集内容不符合要求,DL-NA52UU,completed,incorrect,,,c34dac75a34d48b49af989c67e06d800,,2,0.041111,0,39.77480300888419,40.006708475761116,0.0,"[""completeness""]"
qwen3-vl-plus-2025-12-19,64d34cdbae1a680cb4f3d7d42695e5b8,development,correct,,DL-NA52UU,completed,correct,,,d7407bfb5a284586a62ad9604ff237fe,,2,0.046184,0,46.55703042913228,46.82160545978695,0.0,[]
qwen3-vl-plus-2025-12-19,702c197ab0cb0ec9f0587c0faadd0564,holdout,incorrect,动作不完整,DL-NA52UU,completed,incorrect,,,3492e42deaaf4df3a9951f70a38ffcb5,,2,0.047929,0,45.710473778191954,45.96113655902445,0.0,"[""object_match""]"
qwen3-vl-plus-2025-12-19,7819d47cc07ecc6b7b8709218b95e964,development,correct,,DL-NA52UU,needs_review,,,,7d087a7371544544a308e854fec9b6ca,,2,0.045266,0,44.086208450607955,44.30986465141177,0.0,[]
qwen3-vl-plus-2025-12-19,78991c3e3eb0149b9e29551d03268873,development,incorrect,其他问题,DL-NA52UU,completed,incorrect,,,899d73033d824fffac79ef6f6531ece3,,2,0.054526,0,55.76528346166015,56.07483945321292,0.0,"[""action"", ""retry_free"", ""completeness"", ""observed_failure""]"
qwen3-vl-plus-2025-12-19,7ae046ee421fc1c59f8cdcd44e7ed765,development,correct,,DL-NA52UU,needs_review,,,,e0081f5535f74be8b34fd2ec9b5998b6,,2,0.044253,0,41.19407772086561,41.424034965690225,0.0,[]
qwen3-vl-plus-2025-12-19,7bb3b9babcab2660c193b82f5960e40a,holdout,incorrect,其他问题,DL-NA52UU,completed,incorrect,,,515fb895f9e64798800e1c4791f8d4f8,,2,0.057999,0,63.664856106974185,63.93846279522404,0.0,"[""image_quality""]"
qwen3-vl-plus-2025-12-19,7c0876d845fd585ea1c0f0c97acb327e,holdout,incorrect,动作不完整,DL-NA52UU,needs_review,,,,29a98a5cfe604939b8eaa8430ab13faa,,2,0.044399,0,48.84900973876938,49.070429511833936,0.0,[]
qwen3-vl-plus-2025-12-19,7cf8f38d1991e9f41cd91487e2bdde2b,development,incorrect,动作不完整,DL-NA52UU,completed,incorrect,,,83a46b03688b4bc180552dec452bb654,,2,0.045936,0,49.14769744314253,49.36935386341065,0.0,"[""completeness"", ""hold""]"
qwen3-vl-plus-2025-12-19,821840f67e136e2f303a6c24f9932693,development,incorrect,画面模糊,DL-NA52UU,completed,incorrect,,,4887cb111f4641a4a87f1c9685e3aacd,,2,0.041622,0,41.96005192399025,42.16670595901087,0.0,"[""object_match"", ""image_quality"", ""completeness""]"
qwen3-vl-plus-2025-12-19,83120f05cb269a444828b99b00df4deb,holdout,incorrect,反复重试,DL-NA52UU,completed,correct,,,f581db8c1bcd497b99b933ea9f576d3f,,2,0.052948999999999996,0,53.25137695670128,53.51462927274406,0.0,[]
qwen3-vl-plus-2025-12-19,8568e174833e5d3e8e39746691b443e3,holdout,incorrect,采集内容不符合要求,DL-NA52UU,completed,correct,,,93fa9b00aba0492f93972010583baba6,,2,0.048503,0,54.170990829821676,54.63302441313863,0.0,[]
qwen3-vl-plus-2025-12-19,8a3b47f5f1ec5e40de404d9c786675f0,development,incorrect,画面模糊,DL-NA52UU,completed,incorrect,,,cb2b5ecd0355433cbadd2ee4e1cfc40e,,2,0.044,0,46.43944531073794,46.661212713923305,0.0,"[""image_quality""]"
qwen3-vl-plus-2025-12-19,8b408b6f2d8a21129729b212bdfa4d45,holdout,incorrect,画面模糊,DL-NA52UU,completed,incorrect,,,0502ede91bc642a3ba71e096d6108307,,2,0.046725,0,53.556565567385405,53.857875923160464,0.0,"[""image_quality""]"
qwen3-vl-plus-2025-12-19,8be00c38e9590444c7bc46bcae942da6,development,incorrect,采集内容不符合要求,DL-NA52UU,completed,incorrect,,,9cbd81c24b6d4bc281a0b136c216df11,,2,0.041908,0,38.450381491333246,38.704462686087936,0.0,"[""scene_match""]"
qwen3-vl-plus-2025-12-19,8c8e186afce745ed6e087981adeae64a,development,incorrect,其他问题,DL-NA52UU,completed,incorrect,,,6d0aab6f0fdc4e7a8972f4047a36a115,,2,0.045322,0,47.33756095170975,47.54937177989632,0.0,"[""main_visibility"", ""completeness""]"
qwen3-vl-plus-2025-12-19,8ca5129f5a75bca97f737b3aa6048db7,holdout,incorrect,画面模糊,DL-NA52UU,completed,incorrect,,,f2c9a7086d464f978faaa643115a325f,,2,0.044274,0,45.00390272028744,45.20944066904485,0.0,"[""main_visibility"", ""image_quality""]"
qwen3-vl-plus-2025-12-19,8cf3c3e9a34cbdfc45edfca483199bb7,development,correct,,DL-NA52UU,completed,correct,,,13dd0ca341a348dd93360d417c7caaf1,,2,0.045709,0,42.927987300790846,43.14250241126865,0.0,[]
qwen3-vl-plus-2025-12-19,920a86fd2d8209db5911da1cfd603a61,development,incorrect,画面模糊,DL-NA52UU,completed,incorrect,,,35c3642c750b420c980f5a01cf3a3b7b,,2,0.042586,0,40.559854444582015,40.77568614296615,0.0,"[""image_quality""]"
qwen3-vl-plus-2025-12-19,95d643b4098c33b7e38a9299f669b211,development,incorrect,其他问题,DL-NA52UU,completed,correct,,,0f93f4aa4dba459dbc4f26b5c8ae40a7,,2,0.05248800000000001,0,47.77009215205908,48.01858951617032,0.0,[]
qwen3-vl-plus-2025-12-19,95dc7dab06a9c308c8dab3f0f4c5c0e3,holdout,incorrect,其他问题,DL-NA52UU,completed,incorrect,,,9556bb6a9da243faaeb3da666c4e2475,,2,0.047377,0,49.841876860708,50.072021558880806,0.0,"[""image_quality"", ""retry_free"", ""completeness"", ""observed_failure"", ""hold""]"
qwen3-vl-plus-2025-12-19,965f23817dd8cba1f8dbe35bd9b0e649,holdout,incorrect,其他问题,DL-NA52UU,completed,incorrect,,,ae278b1b13fb45649048b94f796af84d,,2,0.052889,0,59.886988861020654,60.14444503420964,0.0,"[""action"", ""retry_free"", ""completeness""]"
qwen3-vl-plus-2025-12-19,99a8518a2ff64cfe979f99a31081d6b2,development,incorrect,反复重试,DL-NA52UU,completed,correct,,,123c74a492664525a9296ca7a72de04d,,2,0.054234000000000004,0,55.90683969063684,56.1590269850567,0.0,[]
qwen3-vl-plus-2025-12-19,9c0b19fdc7191fb602898b65d756dda4,development,correct,,DL-NA52UU,completed,correct,,,e106e440142548cfa296c2379c8fd588,,2,0.049456,0,48.578250389546156,48.824969618115574,0.0,[]
qwen3-vl-plus-2025-12-19,9ca7daa14c22ea5a76953c4568223c72,development,incorrect,其他问题,DL-NA52UU,completed,correct,,,6a40113711a24ebc8c4e8250e0c013e9,,2,0.052100999999999995,0,48.49475997686386,48.73283829772845,0.0,[]
qwen3-vl-plus-2025-12-19,9d6b44fbc89eb3d272a23066a7dc98e7,holdout,incorrect,采集内容不符合要求,DL-NA52UU,needs_review,,,,ef0bac491a5141c5a5e3358f4c39bd19,,2,0.043134,0,44.86671556485817,45.103454186115414,0.0,[]
qwen3-vl-plus-2025-12-19,a152630f528748dc64665d5f9eff337d,holdout,incorrect,采集内容不符合要求,DL-NA52UU,completed,incorrect,,,21980bd9033d46f7b3d64e04b4e8e634,,2,0.047118,0,45.980234425514936,46.232850905973464,0.0,"[""scene_match"", ""completeness""]"
qwen3-vl-plus-2025-12-19,a1b8503cd73cb861df7acd528eb2b877,holdout,correct,,DL-NA52UU,needs_review,,,,74cf6c08d2e6443ea7b2b9799ea2c23d,,2,0.048287,0,50.96070343302563,51.19476521899924,0.0,[]
qwen3-vl-plus-2025-12-19,a21aeb0d0d764970f738f8c95d6bfb82,holdout,correct,,DL-NA52UU,failed,,evidence,ValueError,fbd1e49b603347978dc000c92361785c,,2,0.047878,0,47.57103126915172,47.798441091086715,0.0,[]
qwen3-vl-plus-2025-12-19,a51047b4860a3548f7344407b998e73d,development,incorrect,采集内容不符合要求,DL-NA52UU,needs_review,,,,3db65e7a507e4e4d83340d2cd6d07196,,2,0.045653,0,45.327610017731786,45.54417780973017,0.0,[]
qwen3-vl-plus-2025-12-19,abdce77eb482de1057b8734d43239ad9,development,incorrect,采集内容不符合要求,DL-NA52UU,needs_review,,,,e5d5838b75fd4f5087bc8101b528a77c,,2,0.048371,0,45.25130738923326,45.48537798831239,0.0,[]
qwen3-vl-plus-2025-12-19,ae59a1897063c6b7cd4fb9ec11603160,development,incorrect,其他问题,DL-NA52UU,completed,incorrect,,,92737fdf127a4d4fbede445ab824b96a,,2,0.047915,0,65.96163985319436,66.18468400323763,0.0,"[""retry_free"", ""completeness"", ""observed_failure"", ""hold""]"
qwen3-vl-plus-2025-12-19,b1164384ac56d7b59ffe6010ad61b26b,development,incorrect,采集内容不符合要求,DL-NA52UU,needs_review,,,,2126007ed0ec4d87b7b93a7cd7948b25,,2,0.041008,0,42.0942758647725,42.31170548917726,0.0,[]
qwen3-vl-plus-2025-12-19,b1b9a1f36d8a1eb1d07663ff13c52e12,development,incorrect,采集内容不符合要求,DL-NA52UU,needs_review,,,,450bf864c3284500986ed033207e738a,,2,0.047188999999999995,0,49.70874674571678,49.93658017972484,0.0,[]
qwen3-vl-plus-2025-12-19,bbfcabffdb5fea279fc6163999b941d2,development,incorrect,其他问题,DL-NA52UU,completed,incorrect,,,5154613cd28743ddb76f6a595d967f27,,2,0.041767,0,41.756194424349815,41.97123864479363,0.0,"[""image_quality"", ""action"", ""retry_free"", ""completeness"", ""observed_failure""]"
qwen3-vl-plus-2025-12-19,bd2c557f7f049696091c9e9c9071334f,development,incorrect,其他问题,DL-NA52UU,completed,incorrect,,,70639dbc55f24b18bfe78e5cbaca1550,,2,0.047852,0,44.113785507157445,44.35119219170883,0.0,"[""action"", ""retry_free"", ""completeness"", ""observed_failure""]"
qwen3-vl-plus-2025-12-19,bdd6b76dfa45431cd1b38d7880562620,development,incorrect,反复重试,DL-NA52UU,needs_review,,,,d12301ec93584df480004b969577c96a,,2,0.059731,0,50.815981758292764,51.09924160968512,0.0,[]
qwen3-vl-plus-2025-12-19,beec95be7216021de5a4786099cc57d6,development,incorrect,采集内容不符合要求,DL-NA52UU,needs_review,,,,565a2a1e7dd648f9b7b564d5ca703235,,2,0.044225,0,46.28497766889632,46.513139877002686,0.0,[]
qwen3-vl-plus-2025-12-19,bf53e3a9680a3ef26a03170b159b3a1e,development,incorrect,反复重试,DL-NA52UU,needs_review,,,,6df85f972ece4c8083f8828fd702c659,,2,0.046562,0,46.442674106918275,46.68441997282207,0.0,[]
qwen3-vl-plus-2025-12-19,c0c424b6d56463335986c03b539bb0a8,development,incorrect,采集内容不符合要求,DL-NA52UU,needs_review,,,,1d4c51538db34ffea54c70294f8cb196,,2,0.043077000000000004,0,42.56827577529475,42.79123925464228,0.0,[]
qwen3-vl-plus-2025-12-19,c39e801297e79acc264b7722f325afc5,holdout,incorrect,其他问题,DL-NA52UU,completed,incorrect,,,00908d8844814af59e1820df0a30eb40,,2,0.04843,0,48.58288516290486,48.7912155627273,0.0,"[""object_match"", ""main_visibility"", ""completeness""]"
qwen3-vl-plus-2025-12-19,c55234cf7371f68775599662eac273c9,development,correct,,DL-NA52UU,completed,correct,,,c986ffb06d714f1aa3eb734593fd0fc8,,2,0.050345,0,51.367129052989185,51.59964021388441,0.0,[]
qwen3-vl-plus-2025-12-19,cb76a6c898174293af4b065eb6b2cad4,development,incorrect,其他问题,DL-NA52UU,completed,incorrect,,,c427bbfcd79b48d1ad79b025e1adea41,,2,0.049300000000000004,0,39.5518017844297,39.787362763658166,0.0,"[""retry_free"", ""observed_failure""]"
qwen3-vl-plus-2025-12-19,cd6e74f8d82631b19f46e0cd9be80beb,development,incorrect,画面模糊,DL-NA52UU,completed,incorrect,,,90361abf89344f089a305aae7e63a2bd,,2,0.046801,0,48.386089503299445,48.59523599781096,0.0,"[""image_quality""]"
qwen3-vl-plus-2025-12-19,ce351d4d84b8514ab812eaf0c9bbc725,development,correct,,DL-NA52UU,needs_review,,,,c073df0277a34ef787aeff1088f2e5e8,,2,0.047691000000000004,0,51.35626224987209,51.6969537017867,0.0,[]
qwen3-vl-plus-2025-12-19,ce79d89df2457db83ff6cd1d13c6f8ce,holdout,incorrect,采集内容不符合要求,DL-NA52UU,completed,incorrect,,,8c678c5bf44a4f5b93ba47f4bf71a4fd,,2,0.043278,0,44.61835121596232,44.84568869229406,0.0,"[""object_match"", ""image_quality""]"
qwen3-vl-plus-2025-12-19,db0612946ce8f95ca0578f140656296f,development,incorrect,动作不完整,DL-NA52UU,needs_review,,,,4201b2a6bf2f4d169299657103a7d85c,,2,0.045295,0,43.075295416172594,43.299222622066736,0.0,[]
qwen3-vl-plus-2025-12-19,ea963175602f294d5a8002d5ab129998,development,correct,,DL-NA52UU,needs_review,,,,1356df79f3f045459d9817238621e374,,2,0.046136,0,46.815524220932275,47.04251548741013,0.0,[]
qwen3-vl-plus-2025-12-19,eb5335537efa7ea3de40031483773dbb,holdout,incorrect,采集内容不符合要求,DL-NA52UU,needs_review,,,,cbce6613ef114118b120c3f94e9b47be,,2,0.040776,0,40.35052086599171,40.576564816292375,0.0,[]
qwen3-vl-plus-2025-12-19,ec2194931b757a3672edd5c224719bfd,development,incorrect,画面模糊,DL-NA52UU,completed,incorrect,,,646ecf1b95f6465abf55a7a608ddd870,,2,0.043474,0,45.555029932409525,45.753622852731496,0.0,"[""main_visibility"", ""image_quality""]"
qwen3-vl-plus-2025-12-19,ed3aed3a99169fdb0a95140cdd0baeab,development,incorrect,画面模糊,DL-NA52UU,completed,incorrect,,,a92d57e4649747799c77fbc825b8978d,,2,0.04162,0,41.96231346996501,42.16111012827605,0.0,"[""image_quality""]"
qwen3-vl-plus-2025-12-19,edbba8a3d5b5637d8e6352b794d12e1e,holdout,correct,,DL-NA52UU,needs_review,,,,967cbaccaeef44788f0961540270fb38,,2,0.050236,0,47.72359191020951,47.955305374693125,0.0,[]
qwen3-vl-plus-2025-12-19,edc794c63c2f73a65e83e54d20d344bc,development,correct,,DL-NA52UU,completed,correct,,,da23fb101d4e42e299cc021ea30e3ac9,,2,0.043927999999999995,0,40.601706753950566,40.831146240234375,0.0,[]
qwen3-vl-plus-2025-12-19,ee723e930de2f114665b2bf0f8989449,holdout,incorrect,采集内容不符合要求,DL-NA52UU,completed,incorrect,,,a063afe7ee544b5b855dc65a4ec3173c,,2,0.043248,0,43.014362371061,43.2327614412643,0.0,"[""scene_match"", ""image_quality"", ""completeness""]"
qwen3-vl-plus-2025-12-19,eedf9bbc787b4ae570dc00cd73e47646,holdout,correct,,DL-NA52UU,completed,correct,,,1d17444255554106a68303929a092e4f,,2,0.046284,0,44.840847910847515,45.057227544952184,0.0,[]
qwen3-vl-plus-2025-12-19,f07cc1f580fb8f7e6a6f1b61e189163c,development,incorrect,其他问题,DL-NA52UU,needs_review,,,,e1acf4b12f8247aea32f5ae77f5fdc1f,,2,0.044576,0,44.73676159558818,44.95881803892553,0.0,[]
qwen3-vl-plus-2025-12-19,f0d636fb6aec9bcc4a52972300ad860e,development,incorrect,采集内容不符合要求,DL-NA52UU,needs_review,,,,7d209ac2f92d47cab2b5b0639a8d7f2b,,2,0.049991,0,50.76754714315757,51.010703166015446,0.0,[]
qwen3-vl-plus-2025-12-19,f0ecc2839f0d2265a2484da2b2f3302e,development,incorrect,反复重试,DL-NA52UU,needs_review,,,,6e876195b2154e2d9d508bb19b78bc77,,2,0.054371,0,56.8503572200425,57.093732110224664,0.0,[]
qwen3-vl-plus-2025-12-19,f15c12f5e93afe8b334ef4069088c412,development,correct,,DL-NA52UU,completed,correct,,,8e108a5b1623498e93f3f8b46e48e59f,,2,0.041837,0,40.21913134586066,40.44607856590301,0.0,[]
qwen3-vl-plus-2025-12-19,f23b8bd4c1512606796c0c57a9599699,holdout,correct,,DL-NA52UU,needs_review,,,,24d6080ca48f4fce9e7283a2888d3f8a,,2,0.04586900000000001,0,42.477596844080836,42.685088456608355,0.0,[]
qwen3-vl-plus-2025-12-19,f63baf731e5e2b836448ba1a06c28de1,development,incorrect,反复重试,DL-NA52UU,needs_review,,,,666d1ea21311439ebd88eb32506b330b,,2,0.05379,0,47.344170975033194,47.61249838396907,0.0,[]
qwen3-vl-plus-2025-12-19,f9228f9b33d158699b53c52ba2a110d8,holdout,incorrect,采集内容不符合要求,DL-NA52UU,needs_review,,,,145957bc8e224605b2513ca3cf347beb,,2,0.044473,0,46.946239789482206,47.277133530937135,0.11014139000326395,[]
qwen3-vl-plus-2025-12-19,f9abd6e1e36ef1dc5c144feba02de677,development,incorrect,其他问题,DL-NA52UU,completed,incorrect,,,748fbd1ce5fb4075adab65371238b73f,,2,0.048015999999999996,0,47.9270010930486,48.161159116309136,0.0,"[""retry_free""]"
qwen3-vl-plus-2025-12-19,fa0d448767a63c46592d4a6985da2295,development,incorrect,采集内容不符合要求,DL-NA52UU,completed,correct,,,872a60e74cf34ea1aab9913cd437b103,,2,0.046179,0,46.53039385192096,46.771623603999615,0.0,[]
qwen3-vl-plus-2025-12-19,fe6ec1271668cd43ce3f74a29cda1ec3,development,incorrect,反复重试,DL-NA52UU,completed,incorrect,,,9464a11e4bb04842947d47ba0bb5ab31,,2,0.056267,0,54.15457979729399,54.41033575683832,0.0,"[""retry_free"", ""observed_failure""]"
qwen3-vl-flash-2026-01-22,00acf09c6217f6aa3df1a38469d498a5,holdout,incorrect,采集内容不符合要求,DL-NA52UU,failed,,evidence,ValidationError,0ac4937b4e4e40dd946da7783c97ebed,model_call: hold.start_time_s / extra_forbidden; model_call: hold.end_time_s / extra_forbidden; model_call: hold.duration_s / extra_forbidden,2,0.0084405,0,37.76820113649592,39.489700379781425,0.0,[]
qwen3-vl-flash-2026-01-22,0336074e95fcd70939e29a4c611ff128,holdout,correct,,DL-NA52UU,failed,,evidence,ValidationError,645b5db1135f4dd184e16914327acd59,model_call: hold.start_time_s / extra_forbidden; model_call: hold.end_time_s / extra_forbidden; model_call: hold.duration_s / extra_forbidden,2,0.008203799999999999,0,33.91427296306938,35.81502221385017,0.0,[]
qwen3-vl-flash-2026-01-22,07c67050aa8ac87892668a42a337a959,development,incorrect,动作不完整,DL-NA52UU,completed,incorrect,,,9c3d9da5bdcc428984c05d2358f0db1c,,2,0.00643395,0,23.41223331913352,23.644515336025506,0.0,"[""action"", ""retry_free"", ""completeness"", ""observed_failure""]"
qwen3-vl-flash-2026-01-22,086a79e060f95c971e787885c9581882,development,incorrect,其他问题,DL-NA52UU,failed,,evidence,ValidationError,2099e70e424048d2b8ccd133f382be69,model_call: hold.start_time_s / extra_forbidden; model_call: hold.end_time_s / extra_forbidden; model_call: hold.duration_s / extra_forbidden,2,0.007388550000000001,0,30.575371820945293,31.133855394087732,0.3118964321911335,[]
qwen3-vl-flash-2026-01-22,0959f1d4f277f6f71cdccecaa560fb0d,development,incorrect,反复重试,DL-NA52UU,failed,,evidence,ValidationError,d2fd881256e341f18eb8a9126291c69c,model_call: hold.start_time_s / extra_forbidden; model_call: hold.end_time_s / extra_forbidden; model_call: hold.duration_s / extra_forbidden; model_call: hold.state / missing,2,0.00903885,0,36.835886808112264,37.09147724322975,0.0,[]
qwen3-vl-flash-2026-01-22,09a85376673f15a3cdb0a39ff2584bf0,development,correct,,DL-NA52UU,failed,,evidence,ValidationError,04640f5151554913ae305c85f2119747,model_call: hold.start_time_s / extra_forbidden; model_call: hold.end_time_s / extra_forbidden,2,0.00746595,0,29.570096699986607,31.00963475788012,1.1592232370749116,[]
qwen3-vl-flash-2026-01-22,0f80eb3646930cb61f2f18b6e1ffec3a,development,incorrect,采集内容不符合要求,DL-NA52UU,failed,,evidence,ValidationError,c936dc7f662d4a67b9cb51c5494766ce,model_call: hold.start_time_s / extra_forbidden; model_call: hold.end_time_s / extra_forbidden; model_call: hold.duration_s / extra_forbidden,2,0.0068582999999999995,0,28.17344478191808,28.513095687143505,0.0,[]
qwen3-vl-flash-2026-01-22,0fd78ce12c4080f461bf238df472b5c7,development,incorrect,采集内容不符合要求,DL-NA52UU,failed,,evidence,ValidationError,d462b6122f4c42cbb82d9eaf9af85b00,model_call: hold.start_id / extra_forbidden; model_call: hold.end_id / extra_forbidden,2,0.00849825,0,36.78120083315298,37.23886926891282,0.1998718222603202,[]
qwen3-vl-flash-2026-01-22,17104c20c2a59390537d044dbf383397,development,incorrect,其他问题,DL-NA52UU,completed,incorrect,,,047a3b66252a40d193c36a2b6751538e,,2,0.007906650000000001,0,33.42614831775427,33.647542553022504,0.0,"[""object_match"", ""action"", ""retry_free"", ""completeness"", ""observed_failure""]"
qwen3-vl-flash-2026-01-22,17ede7daac1e086a6ff5dfaca0200896,holdout,incorrect,反复重试,DL-NA52UU,completed,incorrect,,,d6cc399d84a54fca820c7f3887dbd1c6,,2,0.008542649999999999,0,35.93496438395232,36.367949285078794,0.17031790176406503,"[""object_match"", ""action"", ""completeness""]"
qwen3-vl-flash-2026-01-22,1d493b6454f7a78db11cb690f0e8451e,development,incorrect,采集内容不符合要求,DL-NA52UU,completed,incorrect,,,3d4df74fba11405d8a5230795b00b3da,,2,0.0071962499999999995,0,28.61670290492475,29.716434290166944,0.768998522311449,"[""object_match"", ""action"", ""completeness""]"
qwen3-vl-flash-2026-01-22,1e327011a2279207cd2bb58af05502bb,holdout,incorrect,反复重试,DL-NA52UU,completed,incorrect,,,024ba17f3c1448368d5043fe4e1d68af,,2,0.00882495,0,34.453393747098744,34.7407207833603,0.026784539688378572,"[""action"", ""completeness""]"
qwen3-vl-flash-2026-01-22,1f5efb40e548b0e328875b6b23cac0ca,development,incorrect,采集内容不符合要求,DL-NA52UU,completed,incorrect,,,a5bcacacb4c245e985b5bc1d4ff999d6,,2,0.00754575,0,31.534161017276347,33.327194752171636,1.513861141167581,"[""action"", ""completeness""]"
qwen3-vl-flash-2026-01-22,231c173c522716a72aecbfbe6d3b1387,development,correct,,DL-NA52UU,failed,,evidence,ValidationError,c36b8d39c408420ca7640791e12a28be,model_call: hold.start_time_s / extra_forbidden; model_call: hold.end_time_s / extra_forbidden,2,0.0070437,0,29.63581698294729,29.869215487036854,0.0,[]
qwen3-vl-flash-2026-01-22,2442ea8aea75b9038cf25a71f5db3bc7,development,correct,,DL-NA52UU,failed,,evidence,ValidationError,f9e953e4beb1442cbe4cbd7b51f03215,model_call: hold.start_time_s / extra_forbidden; model_call: hold.end_time_s / extra_forbidden; model_call: hold.duration_s / extra_forbidden,2,0.00705135,0,31.89056802401319,32.1082372488454,0.0,[]
qwen3-vl-flash-2026-01-22,245cdc7a3753f553476fad87dbbd5bea,holdout,incorrect,其他问题,DL-NA52UU,failed,,evidence,ValidationError,e8c42ad096cd4be5a2971886bbf4ee97,model_call: hold.start_time_s / extra_forbidden; model_call: hold.end_time_s / extra_forbidden; model_call: hold.duration_s / extra_forbidden,2,0.00767175,0,33.01206845976412,33.23753872187808,0.0,[]
qwen3-vl-flash-2026-01-22,26aaa2e503fa7f222f7f6cb100258752,development,incorrect,其他问题,DL-NA52UU,failed,,evidence,ValidationError,571b3923d4e6432c92f7d894f1a3c2bc,model_call: hold.start_time_s / extra_forbidden; model_call: hold.end_time_s / extra_forbidden; model_call: hold.duration_s / extra_forbidden,2,0.00689595,0,30.458163836970925,30.699390363879502,0.0,[]
qwen3-vl-flash-2026-01-22,2a82bc37b834098989c69e5f2c3a672e,development,incorrect,画面模糊,DL-NA52UU,failed,,evidence,ValidationError,f00663bdaa034967a555a001b4921598,model_call: hold.start_time_s / extra_forbidden; model_call: hold.end_time_s / extra_forbidden,2,0.006881849999999999,0,27.652400745544583,27.855835610069335,0.0,[]
qwen3-vl-flash-2026-01-22,2eb54be92d4383a1929ee63acd74467c,holdout,incorrect,其他问题,DL-NA52UU,failed,,evidence,ValidationError,724638f6422440c0980d512ccbbb334a,model_call: hold.start_time_s / extra_forbidden; model_call: hold.end_time_s / extra_forbidden; model_call: hold.duration_s / extra_forbidden,2,0.008426999999999999,0,34.09943701419979,34.558561778161675,0.19808047404512763,[]
qwen3-vl-flash-2026-01-22,31150ea66815816ea6e7c93a64651b2d,development,incorrect,采集内容不符合要求,DL-NA52UU,failed,,evidence,ValidationError,952e73c44d0d455a9e4e811f641423db,model_call: hold.start_time_s / extra_forbidden; model_call: hold.end_time_s / extra_forbidden,2,0.0075306,0,31.063658375758678,31.322028500959277,0.0,[]
qwen3-vl-flash-2026-01-22,3417fc0095b5a333056d78f55b7b5c3b,development,correct,,DL-NA52UU,failed,,evidence,ValidationError,9916f46564a44a55b80c7348d12c1f3f,model_call: hold.start_time_s / extra_forbidden; model_call: hold.end_time_s / extra_forbidden; model_call: hold.duration_s / extra_forbidden,2,0.00758235,0,32.49295735685155,33.1676088757813,0.43341663433238864,[]
qwen3-vl-flash-2026-01-22,363b466bd6d36e0e4ad831fe34cd35f6,development,incorrect,其他问题,DL-NA52UU,failed,,evidence,ValidationError,2ca4df4780054633b6881bb49fc9d826,model_call: hold.start_time_s / extra_forbidden; model_call: hold.end_time_s / extra_forbidden; model_call: hold.duration_s / extra_forbidden,2,0.007718399999999999,0,36.355168217327446,36.68494465807453,0.0,[]
qwen3-vl-flash-2026-01-22,3c5a9105d62b825cc26e91c8cbcdad2a,development,incorrect,采集内容不符合要求,DL-NA52UU,completed,incorrect,,,daabcc43bf3349dfb9ea5af5590f0406,,2,0.00651825,0,23.586800307501107,23.813850697129965,0.0,"[""main_visibility"", ""action"", ""completeness""]"
qwen3-vl-flash-2026-01-22,3c793087873b2dbc7eb19e950584dbb1,development,incorrect,其他问题,DL-NA52UU,completed,incorrect,,,877aaf2eb4ca4dc28f311d5e8c81921e,,2,0.0068319,0,25.759853968396783,25.974832449108362,0.0,"[""main_visibility"", ""action"", ""retry_free"", ""completeness"", ""observed_failure""]"
qwen3-vl-flash-2026-01-22,3d3cf9bfa86585c3a4464b5284ae6743,development,incorrect,采集内容不符合要求,DL-NA52UU,completed,incorrect,,,d39fa80160bc4ccd862def2abc0f70ce,,2,0.0075622499999999995,0,29.075182650238276,29.343511165119708,0.0,"[""object_match"", ""image_quality"", ""action"", ""completeness""]"
qwen3-vl-flash-2026-01-22,4004ec0dc60f7469b84fd1d3081bb4e4,holdout,incorrect,画面模糊,DL-NA52UU,failed,,evidence,ValidationError,7c70b85c842442b794594d7e4664d6f4,model_call: hold.start_time_s / extra_forbidden; model_call: hold.end_time_s / extra_forbidden; model_call: hold.duration_s / extra_forbidden,2,0.007053449999999999,0,27.9186068829149,28.142442263197154,0.0,[]
qwen3-vl-flash-2026-01-22,40148a890de9743992df69d02e1f2989,development,incorrect,采集内容不符合要求,DL-NA52UU,failed,,evidence,ValidationError,3fdad06862e6428daacd0e3e2280baf1,model_call: hold.start_time_s / extra_forbidden; model_call: hold.end_time_s / extra_forbidden; model_call: hold.duration_s / extra_forbidden,2,0.006845550000000001,0,26.492045616731048,26.98907626187429,0.26655641570687294,[]
qwen3-vl-flash-2026-01-22,40665f855c748fbd166661034ef2469a,development,incorrect,其他问题,DL-NA52UU,completed,incorrect,,,8af5219041634b10b00874099d198098,,2,0.0078453,0,25.98497462272644,26.415840348228812,0.0,"[""action"", ""completeness""]"
qwen3-vl-flash-2026-01-22,43758a9254d9ec4e0789e879abe2985e,holdout,incorrect,采集内容不符合要求,DL-NA52UU,completed,incorrect,,,414051afaf1342f3a6cb3b420ef7f16d,,2,0.007472699999999999,0,28.871725452132523,30.630551183130592,1.5286954338662326,"[""object_match"", ""action"", ""completeness""]"
qwen3-vl-flash-2026-01-22,43fbfbc9c95a117c98eb288af6501eb8,holdout,incorrect,其他问题,DL-NA52UU,failed,,evidence,ValidationError,75c5ca2306b14d4ea6f6018470158471,model_call: hold.start_time_s / extra_forbidden; model_call: hold.end_time_s / extra_forbidden; model_call: hold.state / missing,2,0.009084,0,35.83584618009627,36.13128825183958,0.0,[]
qwen3-vl-flash-2026-01-22,46dbe6c979945a8f96943c942d57a9d0,development,incorrect,其他问题,DL-NA52UU,completed,incorrect,,,2ad4d523dd1348c5a284b69cbb2318d7,,2,0.00693705,0,25.690852725878358,26.594339590054005,0.679012515116483,"[""action"", ""completeness""]"
qwen3-vl-flash-2026-01-22,51afec8d279440fc43086a36f6d1037a,development,incorrect,采集内容不符合要求,DL-NA52UU,completed,incorrect,,,3c9002286de84052a250612629d4d98c,,2,0.00670635,0,24.826006138697267,25.36772284610197,0.29869102220982313,"[""object_match"", ""scene_match"", ""action"", ""completeness""]"
qwen3-vl-flash-2026-01-22,550417802b14e36d757d5cb6cc8d3c64,development,incorrect,采集内容不符合要求,DL-NA52UU,failed,,evidence,ValueError,de02dd35b6e34c968b77bfa20f76d45c,,2,0.00712845,0,26.31855531129986,26.702401095069945,0.14830398187041283,[]
qwen3-vl-flash-2026-01-22,56a36ce18c26b289f683e04f4136db42,development,incorrect,采集内容不符合要求,DL-NA52UU,failed,,evidence,ValidationError,a0fe880da001429986009455565c5633,model_call: hold.start_time_s / extra_forbidden; model_call: hold.end_time_s / extra_forbidden; model_call: hold.duration_s / extra_forbidden,2,0.00690165,0,25.09573908848688,26.086023756768554,0.7729446426965296,[]
qwen3-vl-flash-2026-01-22,64d34cdbae1a680cb4f3d7d42695e5b8,development,correct,,DL-NA52UU,failed,,evidence,ValidationError,c7a3e916dc92441ebc8fa909a0c29a4d,model_call: hold.start_time_s / extra_forbidden; model_call: hold.end_time_s / extra_forbidden; model_call: hold.duration_s / extra_forbidden,2,0.0099531,0,47.945217106025666,48.94997570104897,0.783600446768105,[]
qwen3-vl-flash-2026-01-22,702c197ab0cb0ec9f0587c0faadd0564,holdout,incorrect,动作不完整,DL-NA52UU,failed,,evidence,ValidationError,323415f9f7614cafb3365a96c91ccafe,model_call: hold.start_time_s / extra_forbidden; model_call: hold.end_time_s / extra_forbidden; model_call: hold.duration_s / extra_forbidden,2,0.00807735,0,35.17598693212494,36.25960495090112,0.758257226087153,[]
qwen3-vl-flash-2026-01-22,7819d47cc07ecc6b7b8709218b95e964,development,correct,,DL-NA52UU,failed,,evidence,ValidationError,f1de1f37820f49f88bc00fe1a07194f8,model_call: hold.start_time_s / extra_forbidden; model_call: hold.end_time_s / extra_forbidden; model_call: hold.duration_s / extra_forbidden,2,0.007470899999999999,0,31.051909864414483,32.57400219887495,1.2800931776873767,[]
qwen3-vl-flash-2026-01-22,78991c3e3eb0149b9e29551d03268873,development,incorrect,其他问题,DL-NA52UU,failed,,evidence,ValidationError,627aaa8d598749418eb95f78d79d9fcb,model_call: hold.start_time_s / extra_forbidden; model_call: hold.end_time_s / extra_forbidden; model_call: hold.duration_s / extra_forbidden,2,0.008666400000000001,0,36.819313793908805,37.063321446068585,0.0,[]
qwen3-vl-flash-2026-01-22,7ae046ee421fc1c59f8cdcd44e7ed765,development,correct,,DL-NA52UU,failed,,evidence,ValidationError,7d479ecb349844a78ee6ccd298ab2c46,model_call: hold.start_time_s / extra_forbidden; model_call: hold.end_time_s / extra_forbidden; model_call: hold.duration_s / extra_forbidden,2,0.00763545,0,32.05084400391206,32.39885303284973,0.10704448400065303,[]
qwen3-vl-flash-2026-01-22,7bb3b9babcab2660c193b82f5960e40a,holdout,incorrect,其他问题,DL-NA52UU,failed,,evidence,ValidationError,f66148dcc24f4a03b97ae071582f56b4,model_call: hold.start_id / extra_forbidden; model_call: hold.end_id / extra_forbidden,2,0.00879135,0,33.72791852382943,34.002540424931794,0.0,[]
qwen3-vl-flash-2026-01-22,7c0876d845fd585ea1c0f0c97acb327e,holdout,incorrect,动作不完整,DL-NA52UU,completed,incorrect,,,0c1c6d97258d445ab15367b43cd8660e,,2,0.006487349999999999,0,23.125041701365262,24.357229452114552,0.9204793693497777,"[""action"", ""completeness""]"
qwen3-vl-flash-2026-01-22,7cf8f38d1991e9f41cd91487e2bdde2b,development,incorrect,动作不完整,DL-NA52UU,completed,incorrect,,,f6bbcdf5b7cc443da16d93de9cb7a42a,,2,0.0073404,0,28.932148884050548,29.739720827899873,0.48100489005446434,"[""action"", ""completeness""]"
qwen3-vl-flash-2026-01-22,821840f67e136e2f303a6c24f9932693,development,incorrect,画面模糊,DL-NA52UU,completed,incorrect,,,bb742b09d0bc48f3887c17fa4dc821d5,,2,0.0064697999999999995,0,24.082133111078292,25.483737275004387,1.1795568680390716,"[""main_visibility"", ""image_quality"", ""completeness""]"
qwen3-vl-flash-2026-01-22,83120f05cb269a444828b99b00df4deb,holdout,incorrect,反复重试,DL-NA52UU,failed,,evidence,ValidationError,78d447b31ed945288ed070e11458d000,model_call: hold.start_time_s / extra_forbidden; model_call: hold.end_time_s / extra_forbidden; model_call: hold.duration_s / extra_forbidden; model_call: hold.state / missing,2,0.00887235,0,40.57253599958494,40.8127313060686,0.0,[]
qwen3-vl-flash-2026-01-22,8568e174833e5d3e8e39746691b443e3,holdout,incorrect,采集内容不符合要求,DL-NA52UU,failed,,evidence,ValidationError,4a357e742f3e4b7aa9d6e6aefb9e2fd3,model_call: hold.start_time_s / extra_forbidden; model_call: hold.end_time_s / extra_forbidden; model_call: hold.duration_s / extra_forbidden,2,0.00786045,0,32.60285372938961,32.851847655605525,0.0,[]
qwen3-vl-flash-2026-01-22,8a3b47f5f1ec5e40de404d9c786675f0,development,incorrect,画面模糊,DL-NA52UU,failed,,evidence,ValidationError,5c1f93e0e58c4edd9e0129b86b47ac39,model_call: hold.start_time_s / extra_forbidden; model_call: hold.end_time_s / extra_forbidden; model_call: hold.duration_s / extra_forbidden,2,0.00702,0,27.737607079092413,29.001601602882147,1.0047220648266375,[]
qwen3-vl-flash-2026-01-22,8b408b6f2d8a21129729b212bdfa4d45,holdout,incorrect,画面模糊,DL-NA52UU,failed,,evidence,ValidationError,81fa22a6c7684af0968ae3722bea8920,model_call: hold.start_time_s / extra_forbidden; model_call: hold.end_time_s / extra_forbidden; model_call: hold.duration_s / extra_forbidden,2,0.006822750000000001,0,28.640723337884992,29.551143063697964,0.6901381141506135,[]
qwen3-vl-flash-2026-01-22,8be00c38e9590444c7bc46bcae942da6,development,incorrect,采集内容不符合要求,DL-NA52UU,failed,,evidence,ValidationError,92d63b6163aa470fa88fc9fd10b8a4eb,model_call: hold.start_time_s / extra_forbidden; model_call: hold.end_time_s / extra_forbidden; model_call: hold.state / missing,2,0.0071502,0,29.33493028813973,29.582658438943326,0.0,[]
qwen3-vl-flash-2026-01-22,8c8e186afce745ed6e087981adeae64a,development,incorrect,其他问题,DL-NA52UU,failed,,evidence,ValidationError,82843c5d3fd147e2b26a61179884c249,model_call: hold.start_time_s / extra_forbidden; model_call: hold.end_time_s / extra_forbidden; model_call: hold.duration_s / extra_forbidden,2,0.0069948,0,26.61312037985772,28.048277966678143,1.220688106957823,[]
qwen3-vl-flash-2026-01-22,8ca5129f5a75bca97f737b3aa6048db7,holdout,incorrect,画面模糊,DL-NA52UU,completed,incorrect,,,96417408c3614366a8b3baf0ba6d58b8,,2,0.006777599999999999,0,26.325310501735657,26.55188598483801,0.0,"[""object_match"", ""main_visibility"", ""image_quality"", ""action"", ""retry_free"", ""completeness""]"
qwen3-vl-flash-2026-01-22,8cf3c3e9a34cbdfc45edfca483199bb7,development,correct,,DL-NA52UU,failed,,evidence,ValidationError,b593e09e83b1414980adab59cb95b00f,model_call: hold.start_time_s / extra_forbidden; model_call: hold.end_time_s / extra_forbidden; model_call: hold.duration_s / extra_forbidden,2,0.00781935,0,33.51982325408608,33.739771493244916,0.0,[]
qwen3-vl-flash-2026-01-22,920a86fd2d8209db5911da1cfd603a61,development,incorrect,画面模糊,DL-NA52UU,failed,,evidence,ValidationError,ff8d2dc8f348471093d8774f74d8f657,model_call: hold.start_time_s / extra_forbidden; model_call: hold.end_time_s / extra_forbidden,2,0.007074899999999999,0,31.286756073590368,31.511406145058572,0.0,[]
qwen3-vl-flash-2026-01-22,95d643b4098c33b7e38a9299f669b211,development,incorrect,其他问题,DL-NA52UU,failed,,evidence,ValidationError,df750afbea574769ab8cda8c8df68084,model_call: hold.start_time_s / extra_forbidden; model_call: hold.end_time_s / extra_forbidden; model_call: hold.duration_s / extra_forbidden,2,0.0088722,0,35.35628397669643,35.60519418865442,0.0,[]
qwen3-vl-flash-2026-01-22,95dc7dab06a9c308c8dab3f0f4c5c0e3,holdout,incorrect,其他问题,DL-NA52UU,failed,,evidence,ValidationError,66fa003b8ccd45d0a1da99bee4a88770,model_call: hold.start_time_s / extra_forbidden; model_call: hold.end_time_s / extra_forbidden; model_call: hold.duration_s / extra_forbidden,2,0.00751305,0,35.80042342701927,37.56292489776388,1.4052969366312027,[]
qwen3-vl-flash-2026-01-22,965f23817dd8cba1f8dbe35bd9b0e649,holdout,incorrect,其他问题,DL-NA52UU,failed,,evidence,ValidationError,0b1c68b8a1b84c45b7146e60c04b1f3b,model_call: hold.start_time_s / extra_forbidden; model_call: hold.end_time_s / extra_forbidden; model_call: hold.duration_s / extra_forbidden; model_call: hold.state / missing,2,0.00848235,0,33.49331290088594,33.745286638848484,0.0,[]
qwen3-vl-flash-2026-01-22,99a8518a2ff64cfe979f99a31081d6b2,development,incorrect,反复重试,DL-NA52UU,failed,,evidence,ValidationError,03eb606f882b46b297c47a5737c424c6,model_call: hold.start_time_s / extra_forbidden; model_call: hold.end_time_s / extra_forbidden; model_call: hold.duration_s / extra_forbidden; model_call: hold.state / missing,2,0.0089226,0,36.175304477103055,36.55980512686074,0.12912592012435198,[]
qwen3-vl-flash-2026-01-22,9c0b19fdc7191fb602898b65d756dda4,development,correct,,DL-NA52UU,completed,incorrect,,,aa41c0375ed640c4bcc19668e544088d,,2,0.0076659,0,29.505135440267622,29.98047297867015,0.22424516174942255,"[""image_quality"", ""action"", ""completeness""]"
qwen3-vl-flash-2026-01-22,9ca7daa14c22ea5a76953c4568223c72,development,incorrect,其他问题,DL-NA52UU,completed,incorrect,,,9ff69550ab7f42ed893e210759ea218c,,2,0.008233649999999999,0,30.631398037075996,31.155999768991023,0.28357599722221494,"[""action"", ""retry_free"", ""completeness""]"
qwen3-vl-flash-2026-01-22,9d6b44fbc89eb3d272a23066a7dc98e7,holdout,incorrect,采集内容不符合要求,DL-NA52UU,failed,,evidence,ValidationError,292ede6803ff43499df28a35266e3d72,model_call: hold.start_time_s / extra_forbidden; model_call: hold.end_time_s / extra_forbidden; model_call: hold.duration_s / extra_forbidden,2,0.0068631000000000005,0,28.01107460865751,29.19011850375682,0.9739652927964926,[]
qwen3-vl-flash-2026-01-22,a152630f528748dc64665d5f9eff337d,holdout,incorrect,采集内容不符合要求,DL-NA52UU,failed,,evidence,ValidationError,32d47c9b11664b0c943fc57ba2d8d581,model_call: hold.start_time_s / extra_forbidden; model_call: hold.end_time_s / extra_forbidden,2,0.0077277,0,28.44696835661307,28.916259597055614,0.2262883000075817,[]
qwen3-vl-flash-2026-01-22,a1b8503cd73cb861df7acd528eb2b877,holdout,correct,,DL-NA52UU,failed,,evidence,ValidationError,772e99ab56bf47729b482992ff4eff7b,model_call: hold.start_time_s / extra_forbidden; model_call: hold.end_time_s / extra_forbidden; model_call: hold.duration_s / extra_forbidden,2,0.008021549999999999,0,31.69442345574498,33.274529934860766,1.3278059507720172,[]
qwen3-vl-flash-2026-01-22,a21aeb0d0d764970f738f8c95d6bfb82,holdout,correct,,DL-NA52UU,failed,,evidence,ValidationError,09edaa74b2b045a5a24a4b8910f0e6d0,model_call: hold.start_time_s / extra_forbidden; model_call: hold.end_time_s / extra_forbidden; model_call: hold.duration_s / extra_forbidden,2,0.0082332,0,37.96895261481404,38.55354715092108,0.3557117898017168,[]
qwen3-vl-flash-2026-01-22,a51047b4860a3548f7344407b998e73d,development,incorrect,采集内容不符合要求,DL-NA52UU,failed,,evidence,ValidationError,4fe54560e9e6447785ddccfdadf1603c,model_call: hold.start_time_s / extra_forbidden; model_call: hold.end_time_s / extra_forbidden; model_call: hold.duration_s / extra_forbidden,2,0.007510950000000001,0,32.24727965705097,32.706293313764036,0.23847336508333683,[]
qwen3-vl-flash-2026-01-22,abdce77eb482de1057b8734d43239ad9,development,incorrect,采集内容不符合要求,DL-NA52UU,failed,,evidence,ValidationError,0375fd4546e140eaabda94bde1f9359a,model_call: hold.start_time_s / extra_forbidden; model_call: hold.end_time_s / extra_forbidden; model_call: hold.duration_s / extra_forbidden,2,0.007845149999999999,0,32.57051162933931,32.81182011496276,0.0,[]
qwen3-vl-flash-2026-01-22,ae59a1897063c6b7cd4fb9ec11603160,development,incorrect,其他问题,DL-NA52UU,failed,,evidence,ValidationError,3b60bf2f28a34d61874b89e3e62ab953,model_call: hold.start_time_s / extra_forbidden; model_call: hold.end_time_s / extra_forbidden; model_call: hold.duration_s / extra_forbidden,2,0.00756075,0,32.58746049832553,32.83323014341295,0.0,[]
qwen3-vl-flash-2026-01-22,b1164384ac56d7b59ffe6010ad61b26b,development,incorrect,采集内容不符合要求,DL-NA52UU,failed,,evidence,ValidationError,cac1cca3d963464194ca541bbe5e86cc,model_call: hold.start_time_s / extra_forbidden; model_call: hold.end_time_s / extra_forbidden; model_call: hold.duration_s / extra_forbidden,2,0.0072222,0,31.433355902321637,31.67109630489722,0.0,[]
qwen3-vl-flash-2026-01-22,b1b9a1f36d8a1eb1d07663ff13c52e12,development,incorrect,采集内容不符合要求,DL-NA52UU,failed,,evidence,ValidationError,c8be0b4fb8384bd2b96096ebf50fbc57,model_call: hold.start_time_s / extra_forbidden; model_call: hold.end_time_s / extra_forbidden; model_call: hold.duration_s / extra_forbidden,2,0.007949850000000001,0,34.53228799114004,35.06142044765875,0.28856807900592685,[]
qwen3-vl-flash-2026-01-22,bbfcabffdb5fea279fc6163999b941d2,development,incorrect,其他问题,DL-NA52UU,completed,incorrect,,,431ca5b0527d45f185790cb4582aec77,,2,0.006668549999999999,0,25.89068404166028,26.12652265978977,0.0,"[""main_visibility"", ""action"", ""retry_free"", ""completeness"", ""observed_failure""]"
qwen3-vl-flash-2026-01-22,bd2c557f7f049696091c9e9c9071334f,development,incorrect,其他问题,DL-NA52UU,failed,,evidence,ValidationError,a84c83e1d9d747ad97377369baa66227,model_call: hold.start_time_s / extra_forbidden; model_call: hold.end_time_s / extra_forbidden,2,0.0080613,0,32.54431600403041,32.79313423996791,0.0,[]
qwen3-vl-flash-2026-01-22,bdd6b76dfa45431cd1b38d7880562620,development,incorrect,反复重试,DL-NA52UU,failed,,evidence,ValidationError,547352db95bc4a98b7e8edb59b886872,model_call: hold.start_time_s / extra_forbidden; model_call: hold.end_time_s / extra_forbidden; model_call: hold.duration_s / extra_forbidden,2,0.00992865,0,40.0334669360891,40.9100715261884,0.5867719841189682,[]
qwen3-vl-flash-2026-01-22,beec95be7216021de5a4786099cc57d6,development,incorrect,采集内容不符合要求,DL-NA52UU,failed,,evidence,ValidationError,974d1694e781448c85dc43ab4a00ca5e,model_call: hold.start_time_s / extra_forbidden; model_call: hold.end_time_s / extra_forbidden; model_call: hold.duration_s / extra_forbidden,2,0.007086749999999999,0,28.72574047651142,29.40625828038901,0.4688935591839254,[]
qwen3-vl-flash-2026-01-22,bf53e3a9680a3ef26a03170b159b3a1e,development,incorrect,反复重试,DL-NA52UU,failed,,evidence,ValidationError,72585ef27b6c40ea99e75ae3aa893e02,model_call: hold.start_time_s / extra_forbidden; model_call: hold.end_time_s / extra_forbidden,2,0.0076353,0,30.304005253128707,30.96491460967809,0.4265464306809008,[]
qwen3-vl-flash-2026-01-22,c0c424b6d56463335986c03b539bb0a8,development,incorrect,采集内容不符合要求,DL-NA52UU,failed,,evidence,ValidationError,81518848be034277ac88d1972b8a84e4,model_call: hold.start_time_s / extra_forbidden; model_call: hold.end_time_s / extra_forbidden,2,0.00700605,0,29.691397574730217,30.04347167117521,0.021933765150606632,[]
qwen3-vl-flash-2026-01-22,c39e801297e79acc264b7722f325afc5,holdout,incorrect,其他问题,DL-NA52UU,failed,,evidence,ValueError,f392e9b177244f3f9f496719a7a25fbd,,2,0.006904499999999999,0,25.374192744959146,25.743615629617125,0.14593700226396322,[]
qwen3-vl-flash-2026-01-22,c55234cf7371f68775599662eac273c9,development,correct,,DL-NA52UU,failed,,evidence,ValidationError,af842391517949b48f832925f865e28f,model_call: hold.start_time_s / extra_forbidden; model_call: hold.end_time_s / extra_forbidden; model_call: hold.duration_s / extra_forbidden,2,0.00807825,0,33.127703516278416,33.41628294205293,0.05079924687743187,[]
qwen3-vl-flash-2026-01-22,cb76a6c898174293af4b065eb6b2cad4,development,incorrect,其他问题,DL-NA52UU,failed,,evidence,ValidationError,5088808192ef4d33b8b30e9854366724,model_call: hold.start_time_s / extra_forbidden; model_call: hold.end_time_s / extra_forbidden; model_call: hold.duration_s / extra_forbidden,2,0.008395499999999998,0,35.68503022706136,35.9129470102489,0.0,[]
qwen3-vl-flash-2026-01-22,cd6e74f8d82631b19f46e0cd9be80beb,development,incorrect,画面模糊,DL-NA52UU,failed,,evidence,ValidationError,3cd4fa026f804ad38ffb06995213fe3e,model_call: hold.start_time_s / extra_forbidden; model_call: hold.end_time_s / extra_forbidden; model_call: hold.duration_s / extra_forbidden,2,0.007419149999999999,0,29.225204880815,29.451070296112448,0.0,[]
qwen3-vl-flash-2026-01-22,ce351d4d84b8514ab812eaf0c9bbc725,development,correct,,DL-NA52UU,failed,,evidence,ValidationError,1f5d5d6d67cd468998c221977ef2eadb,model_call: hold.start_time_s / extra_forbidden; model_call: hold.end_time_s / extra_forbidden,2,0.007786649999999999,0,33.117600264027715,33.357911789789796,0.0,[]
qwen3-vl-flash-2026-01-22,ce79d89df2457db83ff6cd1d13c6f8ce,holdout,incorrect,采集内容不符合要求,DL-NA52UU,failed,,evidence,ValidationError,975adff627a840eab6f3fc3c6b47d169,model_call: hold.start_time_s / extra_forbidden; model_call: hold.end_time_s / extra_forbidden; model_call: hold.duration_s / extra_forbidden,2,0.007084199999999999,0,30.544651191215962,31.838073926977813,1.0811835210770369,[]
qwen3-vl-flash-2026-01-22,db0612946ce8f95ca0578f140656296f,development,incorrect,动作不完整,DL-NA52UU,failed,,evidence,ValidationError,bdca84e8068f49809493594fb155e5a1,model_call: hold.duration_s / extra_forbidden; model_call: hold.required_duration_s / extra_forbidden,2,0.00774825,0,32.40856637945399,32.90243992721662,0.26278606709092855,[]
qwen3-vl-flash-2026-01-22,ea963175602f294d5a8002d5ab129998,development,correct,,DL-NA52UU,failed,,evidence,ValidationError,513213031a014d7a81d06ba6641ef439,model_call: hold.start_time_s / extra_forbidden; model_call: hold.end_time_s / extra_forbidden; model_call: hold.duration_s / extra_forbidden,2,0.0075068999999999995,0,30.64595537399873,31.160634859930724,0.2744261799380183,[]
qwen3-vl-flash-2026-01-22,eb5335537efa7ea3de40031483773dbb,holdout,incorrect,采集内容不符合要求,DL-NA52UU,completed,incorrect,,,ea6508c4ee824460bbefe2f4a2fee539,,2,0.0068394,0,26.604952060151845,26.840630344115198,0.0,"[""object_match"", ""main_visibility"", ""action"", ""completeness""]"
qwen3-vl-flash-2026-01-22,ec2194931b757a3672edd5c224719bfd,development,incorrect,画面模糊,DL-NA52UU,failed,,evidence,ValidationError,b04cde3e2bd645b5bbdf389e42de2b77,model_call: hold.start_time_s / extra_forbidden; model_call: hold.end_time_s / extra_forbidden,2,0.006983099999999999,0,29.466123063117266,29.830762419849634,0.1470155823044479,[]
qwen3-vl-flash-2026-01-22,ed3aed3a99169fdb0a95140cdd0baeab,development,incorrect,画面模糊,DL-NA52UU,failed,,evidence,ValidationError,a71f62614fa744678ed3c6799440ea97,model_call: hold.start_time_s / extra_forbidden; model_call: hold.end_time_s / extra_forbidden,2,0.00693,0,29.161905971821398,29.37571629183367,0.0,[]
qwen3-vl-flash-2026-01-22,edbba8a3d5b5637d8e6352b794d12e1e,holdout,correct,,DL-NA52UU,failed,,evidence,ValidationError,426f8c7823134353a048c5303dadc3ac,model_call: hold.start_time_s / extra_forbidden; model_call: hold.end_time_s / extra_forbidden; model_call: hold.duration_s / extra_forbidden,2,0.008357400000000001,0,36.16763556189835,36.41469991579652,0.0,[]
qwen3-vl-flash-2026-01-22,edc794c63c2f73a65e83e54d20d344bc,development,correct,,DL-NA52UU,failed,,evidence,ValidationError,9122b55eaf3a48f5a539432058530f73,model_call: hold.start_time_s / extra_forbidden; model_call: hold.end_time_s / extra_forbidden; model_call: hold.duration_s / extra_forbidden,2,0.007652699999999999,0,30.528715345077217,31.43036665720865,0.6495111887343228,[]
qwen3-vl-flash-2026-01-22,ee723e930de2f114665b2bf0f8989449,holdout,incorrect,采集内容不符合要求,DL-NA52UU,completed,incorrect,,,8f5e40530d6a4c67b37d8cde08e7fe9e,,2,0.0068607,0,30.57389398664236,31.742653670720756,0.8732403977774084,"[""object_match"", ""image_quality"", ""action"", ""completeness""]"
qwen3-vl-flash-2026-01-22,eedf9bbc787b4ae570dc00cd73e47646,holdout,correct,,DL-NA52UU,completed,incorrect,,,694eda127c044061bca55a82aa7165eb,,2,0.007208099999999999,0,28.957540065050125,29.306928073987365,0.11322840303182602,"[""image_quality"", ""action"", ""completeness""]"
qwen3-vl-flash-2026-01-22,f07cc1f580fb8f7e6a6f1b61e189163c,development,incorrect,其他问题,DL-NA52UU,failed,,evidence,ValidationError,d9d3d0801d11481798d6d251b3b5c292,model_call: hold.start_time_s / extra_forbidden; model_call: hold.end_time_s / extra_forbidden; model_call: hold.duration_s / extra_forbidden,2,0.0072429,0,26.417844688985497,26.659713041968644,0.0,[]
qwen3-vl-flash-2026-01-22,f0d636fb6aec9bcc4a52972300ad860e,development,incorrect,采集内容不符合要求,DL-NA52UU,completed,incorrect,,,a7cee036adc44332a77e0b7eaa6dbc16,,2,0.00808515,0,30.265392582397908,31.001198727171868,0.39997940603643656,"[""object_match"", ""action"", ""completeness""]"
qwen3-vl-flash-2026-01-22,f0ecc2839f0d2265a2484da2b2f3302e,development,incorrect,反复重试,DL-NA52UU,failed,,evidence,ValidationError,5cc2372c7852492cb3dd6737b22b6b7c,model_call: hold.start_time_s / extra_forbidden; model_call: hold.end_time_s / extra_forbidden; model_call: hold.duration_s / extra_forbidden,2,0.00857415,0,34.25570714799687,34.66256154514849,0.13496205396950245,[]
qwen3-vl-flash-2026-01-22,f15c12f5e93afe8b334ef4069088c412,development,correct,,DL-NA52UU,failed,,evidence,ValidationError,2ee587b4552f438ea8ebb94274921224,model_call: hold.start_time_s / extra_forbidden; model_call: hold.end_time_s / extra_forbidden; model_call: hold.duration_s / extra_forbidden,2,0.007198049999999999,0,30.270340376067907,30.5010401410982,0.007366193924099207,[]
qwen3-vl-flash-2026-01-22,f23b8bd4c1512606796c0c57a9599699,holdout,correct,,DL-NA52UU,failed,,evidence,ValidationError,c206280434444b2cb06382b0be38cb3d,model_call: hold.start_time_s / extra_forbidden; model_call: hold.end_time_s / extra_forbidden; model_call: hold.duration_s / extra_forbidden,2,0.00756585,0,27.888717895373702,28.103388557210565,0.0,[]
qwen3-vl-flash-2026-01-22,f63baf731e5e2b836448ba1a06c28de1,development,incorrect,反复重试,DL-NA52UU,failed,,evidence,ValidationError,13662490f96a49a2a162b48b35a6d82e,model_call: hold.start_time_s / extra_forbidden; model_call: hold.end_time_s / extra_forbidden; model_call: hold.duration_s / extra_forbidden,2,0.00939,0,39.257429376244545,39.8941214280203,0.3666922920383513,[]
qwen3-vl-flash-2026-01-22,f9228f9b33d158699b53c52ba2a110d8,holdout,incorrect,采集内容不符合要求,DL-NA52UU,completed,incorrect,,,744970bb61d44621a48162e05a77e246,,2,0.006688950000000001,0,27.043076737318188,28.364767516963184,1.0559233343228698,"[""object_match"", ""action"", ""completeness""]"
qwen3-vl-flash-2026-01-22,f9abd6e1e36ef1dc5c144feba02de677,development,incorrect,其他问题,DL-NA52UU,failed,,evidence,ValidationError,4e03fb4519a74d5f9ef3631d4af6b27f,model_call: hold.start_time_s / extra_forbidden; model_call: hold.end_time_s / extra_forbidden; model_call: hold.duration_s / extra_forbidden,2,0.0083184,0,34.962869838345796,35.18958325497806,0.0,[]
qwen3-vl-flash-2026-01-22,fa0d448767a63c46592d4a6985da2295,development,incorrect,采集内容不符合要求,DL-NA52UU,completed,incorrect,,,6fd6e27b9f864acba742652ec3666684,,2,0.006931349999999999,0,24.59225884079933,24.83437182288617,0.0,"[""action"", ""retry_free"", ""completeness"", ""observed_failure""]"
qwen3-vl-flash-2026-01-22,fe6ec1271668cd43ce3f74a29cda1ec3,development,incorrect,反复重试,DL-NA52UU,failed,,evidence,ValidationError,82a4729d61624d96aad0837080107de7,model_call: hold.start_time_s / extra_forbidden; model_call: hold.end_time_s / extra_forbidden,2,0.00954255,0,38.68923233309761,40.30601321486756,1.3739274609833956,[]
qwen3.5-plus-2026-02-15,00acf09c6217f6aa3df1a38469d498a5,holdout,incorrect,采集内容不符合要求,DL-NA52UU,completed,incorrect,,,c48298ca546a4dfdb08a3be7d576a043,,2,0.03302,0,27.07904071966186,28.89336307393387,0.0,"[""object_match""]"
qwen3.5-plus-2026-02-15,0336074e95fcd70939e29a4c611ff128,holdout,correct,,DL-NA52UU,completed,correct,,,b789d59514c348f2880141043940eb46,,2,0.0331264,0,26.097734787967056,27.61766878888011,0.0,[]
qwen3.5-plus-2026-02-15,07c67050aa8ac87892668a42a337a959,development,incorrect,动作不完整,DL-NA52UU,needs_review,,,,761e13ea9a1b42448fb818471aff4037,,2,0.0281736,0,25.211287337820977,25.4342946796678,0.0,[]
qwen3.5-plus-2026-02-15,086a79e060f95c971e787885c9581882,development,incorrect,其他问题,DL-NA52UU,completed,incorrect,,,9e3cba2902d044818cf61195fc2e3c5f,,2,0.030476000000000003,0,22.03682066593319,22.279094588942826,0.0,"[""main_visibility""]"
qwen3.5-plus-2026-02-15,0959f1d4f277f6f71cdccecaa560fb0d,development,incorrect,反复重试,DL-NA52UU,failed,,evidence,ValueError,b012e4e09eb4497bbbd0cadd9a6cff85,,2,0.037172,0,27.950895292218775,28.201286762021482,0.0,[]
qwen3.5-plus-2026-02-15,09a85376673f15a3cdb0a39ff2584bf0,development,correct,,DL-NA52UU,completed,correct,,,c7099535223444a4a203bd539db1547b,,2,0.03038,0,24.384188673924655,24.613383159972727,0.0,[]
qwen3.5-plus-2026-02-15,0f80eb3646930cb61f2f18b6e1ffec3a,development,incorrect,采集内容不符合要求,DL-NA52UU,completed,incorrect,,,7aadfee19f544b40be5e6edf84dd1efa,,2,0.0277552,0,22.481461631134152,22.728762727230787,0.0,"[""object_match"", ""scene_match""]"
qwen3.5-plus-2026-02-15,0fd78ce12c4080f461bf238df472b5c7,development,incorrect,采集内容不符合要求,DL-NA52UU,completed,incorrect,,,8ddc9ef889464ccaa549db083a4de7e1,,2,0.033916,0,28.481177852954715,28.73994127800688,0.0,"[""object_match""]"
qwen3.5-plus-2026-02-15,17104c20c2a59390537d044dbf383397,development,incorrect,其他问题,DL-NA52UU,completed,incorrect,,,a97c2e91db0245c58d83ad12d734fe49,,2,0.0301992,0,23.079096955712885,23.302578805945814,0.0,"[""action"", ""retry_free"", ""completeness"", ""observed_failure""]"
qwen3.5-plus-2026-02-15,17ede7daac1e086a6ff5dfaca0200896,holdout,incorrect,反复重试,DL-NA52UU,completed,correct,,,5c59f964ba884cc29db6445a16ac128e,,2,0.034767200000000005,0,28.46450206032023,28.72592426976189,0.0,[]
qwen3.5-plus-2026-02-15,1d493b6454f7a78db11cb690f0e8451e,development,incorrect,采集内容不符合要求,DL-NA52UU,completed,incorrect,,,78f118a5f935401da47d2e6b6672ad3c,,2,0.031372000000000004,0,27.93184322072193,28.179862355813384,0.0,"[""object_match"", ""main_visibility""]"
qwen3.5-plus-2026-02-15,1e327011a2279207cd2bb58af05502bb,holdout,incorrect,反复重试,DL-NA52UU,completed,incorrect,,,b7ceb0e66a71418a9112a8484a00f793,,2,0.0389528,0,27.124909665901214,27.402980941347778,0.0,"[""action"", ""retry_free"", ""completeness"", ""observed_failure""]"
qwen3.5-plus-2026-02-15,1f5efb40e548b0e328875b6b23cac0ca,development,incorrect,采集内容不符合要求,DL-NA52UU,needs_review,,,,af6ce14f27bb4f05a2610d44edeb651b,,2,0.0297656,0,23.292406195774674,23.522518649697304,0.0,[]
qwen3.5-plus-2026-02-15,231c173c522716a72aecbfbe6d3b1387,development,correct,,DL-NA52UU,completed,correct,,,33417fec02b946748f70eee9bd375778,,2,0.0290032,0,28.401533180847764,28.630111375823617,0.0,[]
qwen3.5-plus-2026-02-15,2442ea8aea75b9038cf25a71f5db3bc7,development,correct,,DL-NA52UU,completed,correct,,,e43dba0d577c492d8ba29eb1dce4c0b1,,2,0.029720800000000002,0,25.321439933031797,25.552994132973254,0.0,[]
qwen3.5-plus-2026-02-15,245cdc7a3753f553476fad87dbbd5bea,holdout,incorrect,其他问题,DL-NA52UU,completed,incorrect,,,4c1c23cc7bca4bd0814f1485057beb83,,2,0.030237600000000003,0,22.99901658575982,23.27373445779085,0.0,"[""main_visibility"", ""completeness""]"
qwen3.5-plus-2026-02-15,26aaa2e503fa7f222f7f6cb100258752,development,incorrect,其他问题,DL-NA52UU,completed,correct,,,61653961abc34ed0a8165711b92b86b0,,2,0.0283336,0,21.91367189073935,22.138009334914386,0.0,[]
qwen3.5-plus-2026-02-15,2a82bc37b834098989c69e5f2c3a672e,development,incorrect,画面模糊,DL-NA52UU,completed,incorrect,,,9636098c69284a848a03e4d8c8a1609c,,2,0.027763999999999997,0,22.676871247123927,22.98323265183717,0.0,"[""image_quality""]"
qwen3.5-plus-2026-02-15,2eb54be92d4383a1929ee63acd74467c,holdout,incorrect,其他问题,DL-NA52UU,completed,incorrect,,,da2e9d1be296446b80fba0272944a2ac,,2,0.0339824,0,22.541655011475086,22.811428067740053,0.0,"[""action"", ""retry_free"", ""observed_failure""]"
qwen3.5-plus-2026-02-15,31150ea66815816ea6e7c93a64651b2d,development,incorrect,采集内容不符合要求,DL-NA52UU,completed,incorrect,,,42425b93aaa04142be11e037a744070d,,2,0.0303504,0,28.70886485790834,29.06939937500283,0.0,"[""scene_match""]"
qwen3.5-plus-2026-02-15,3417fc0095b5a333056d78f55b7b5c3b,development,correct,,DL-NA52UU,needs_review,,,,282d691931244619b925be316bfe4c7f,,2,0.0301144,0,26.857749853748828,27.097760054748505,0.0,[]
qwen3.5-plus-2026-02-15,363b466bd6d36e0e4ad831fe34cd35f6,development,incorrect,其他问题,DL-NA52UU,completed,incorrect,,,78ab9ab50ca44976ad7bd03e94272741,,2,0.030494399999999998,0,26.968010601587594,27.38752586999908,0.0,"[""scene_match"", ""main_visibility"", ""action"", ""completeness""]"
qwen3.5-plus-2026-02-15,3c5a9105d62b825cc26e91c8cbcdad2a,development,incorrect,采集内容不符合要求,DL-NA52UU,completed,incorrect,,,769c4eede7e74203a21b00a2f756632a,,2,0.028856800000000002,0,22.32745683984831,22.565941613633186,0.0,"[""scene_match""]"
qwen3.5-plus-2026-02-15,3c793087873b2dbc7eb19e950584dbb1,development,incorrect,其他问题,DL-NA52UU,failed,,evidence,ValueError,c62ae296e8b0436fa2c576382a186183,,2,0.028561600000000003,0,28.80496731819585,29.020671470090747,0.0,[]
qwen3.5-plus-2026-02-15,3d3cf9bfa86585c3a4464b5284ae6743,development,incorrect,采集内容不符合要求,DL-NA52UU,completed,incorrect,,,4d28fc5ba2f943ff9d4096a137246d24,,2,0.030898400000000003,0,30.109650297556072,30.35291014192626,0.0,"[""object_match"", ""main_visibility""]"
qwen3.5-plus-2026-02-15,4004ec0dc60f7469b84fd1d3081bb4e4,holdout,incorrect,画面模糊,DL-NA52UU,completed,incorrect,,,6121c5586e4640de9a286c3343e847bf,,2,0.028031200000000003,0,25.346209166571498,25.563832786865532,0.0,"[""image_quality""]"
qwen3.5-plus-2026-02-15,40148a890de9743992df69d02e1f2989,development,incorrect,采集内容不符合要求,DL-NA52UU,completed,incorrect,,,ef6d9c118f584736b8dd975e08d3d603,,2,0.0287608,0,30.192659934982657,30.42292351089418,0.0,"[""scene_match"", ""image_quality""]"
qwen3.5-plus-2026-02-15,40665f855c748fbd166661034ef2469a,development,incorrect,其他问题,DL-NA52UU,completed,incorrect,,,6a43e313cb2543489ac348f85ab4cd5b,,2,0.0341616,0,27.934521849732846,28.190866570919752,0.0,"[""action"", ""completeness""]"
qwen3.5-plus-2026-02-15,43758a9254d9ec4e0789e879abe2985e,holdout,incorrect,采集内容不符合要求,DL-NA52UU,completed,incorrect,,,65d868d747b24941a5359c86cd54cb50,,2,0.0302832,0,24.79220072319731,25.01411209674552,0.0,"[""object_match""]"
qwen3.5-plus-2026-02-15,43fbfbc9c95a117c98eb288af6501eb8,holdout,incorrect,其他问题,DL-NA52UU,completed,incorrect,,,8ea784c39c434be2a7d0c34ed831b69a,,2,0.035848000000000005,0,27.02581957122311,27.348581889178604,0.0,"[""action"", ""retry_free"", ""completeness"", ""observed_failure""]"
qwen3.5-plus-2026-02-15,46dbe6c979945a8f96943c942d57a9d0,development,incorrect,其他问题,DL-NA52UU,completed,incorrect,,,4560f1fa0d1c4c52ac40c7101f67e511,,2,0.030450400000000002,0,29.06952078593895,29.284640958998352,0.0,"[""main_visibility"", ""completeness""]"
qwen3.5-plus-2026-02-15,51afec8d279440fc43086a36f6d1037a,development,incorrect,采集内容不符合要求,DL-NA52UU,failed,,evidence,ValueError,e78c0c2eaa9b49d0be45297a61c0507a,,2,0.0285304,0,31.37763831205666,31.600551097188145,0.0,[]
qwen3.5-plus-2026-02-15,550417802b14e36d757d5cb6cc8d3c64,development,incorrect,采集内容不符合要求,DL-NA52UU,failed,,evidence,ValueError,9c89da55450a410cb5d02f726de83a48,,2,0.029783999999999998,0,20.937226659152657,21.17966417176649,0.0,[]
qwen3.5-plus-2026-02-15,56a36ce18c26b289f683e04f4136db42,development,incorrect,采集内容不符合要求,DL-NA52UU,completed,incorrect,,,7e4d7bedb53246f990a310b0dd69b7a8,,2,0.029868000000000006,0,24.72857497818768,24.956321532838047,0.0,"[""scene_match"", ""main_visibility""]"
qwen3.5-plus-2026-02-15,64d34cdbae1a680cb4f3d7d42695e5b8,development,correct,,DL-NA52UU,completed,correct,,,bb77454de5b04c139b9b3b0027c297f9,,2,0.030936000000000005,0,24.105374842416495,24.333217182196677,0.0,[]
qwen3.5-plus-2026-02-15,702c197ab0cb0ec9f0587c0faadd0564,holdout,incorrect,动作不完整,DL-NA52UU,needs_review,,,,8cac34cd325941aca08a550a80342088,,2,0.0320632,0,25.220944073051214,25.467953170184046,0.0,[]
qwen3.5-plus-2026-02-15,7819d47cc07ecc6b7b8709218b95e964,development,correct,,DL-NA52UU,completed,correct,,,04b361f8671140c190b6c344959fc623,,2,0.030336000000000002,0,23.718824579380453,23.94759411783889,0.0,[]
qwen3.5-plus-2026-02-15,78991c3e3eb0149b9e29551d03268873,development,incorrect,其他问题,DL-NA52UU,failed,,evidence,ValueError,8082173a392349859ffbf7ae478e4601,,2,0.0347056,0,25.39645089255646,25.627111264970154,0.0,[]
qwen3.5-plus-2026-02-15,7ae046ee421fc1c59f8cdcd44e7ed765,development,correct,,DL-NA52UU,needs_review,,,,102b75dd71d64d3fba00b44132fa969a,,2,0.029922400000000002,0,30.79972202377394,31.133803632110357,0.0,[]
qwen3.5-plus-2026-02-15,7bb3b9babcab2660c193b82f5960e40a,holdout,incorrect,其他问题,DL-NA52UU,completed,incorrect,,,538fcd6538ed4843a39f74c7f825b36a,,2,0.0358392,0,21.19283456588164,21.458837075158954,0.0,"[""action"", ""completeness""]"
qwen3.5-plus-2026-02-15,7c0876d845fd585ea1c0f0c97acb327e,holdout,incorrect,动作不完整,DL-NA52UU,completed,correct,,,9aca2db045bf456396b9eee496eaafc7,,2,0.029039199999999998,0,27.56298656295985,27.78309508226812,0.0,[]
qwen3.5-plus-2026-02-15,7cf8f38d1991e9f41cd91487e2bdde2b,development,incorrect,动作不完整,DL-NA52UU,needs_review,,,,e280085e538a402299a103f7687b76e2,,2,0.0309392,0,26.680327304638922,26.967812538612634,0.0,[]
qwen3.5-plus-2026-02-15,821840f67e136e2f303a6c24f9932693,development,incorrect,画面模糊,DL-NA52UU,completed,incorrect,,,bc08328c9525408782e4daa0a7937f76,,2,0.0289472,0,27.46993495291099,27.67629519989714,0.0,"[""image_quality""]"
qwen3.5-plus-2026-02-15,83120f05cb269a444828b99b00df4deb,holdout,incorrect,反复重试,DL-NA52UU,needs_review,,,,fca9fa3d92ce4886a6e72bf707848d60,,2,0.0346488,0,26.346208005212247,26.592722446657717,0.0,[]
qwen3.5-plus-2026-02-15,8568e174833e5d3e8e39746691b443e3,holdout,incorrect,采集内容不符合要求,DL-NA52UU,completed,incorrect,,,bb1316c7bb4b49ea86a9e5739adca557,,2,0.030407200000000002,0,26.79846342187375,27.04887986788526,0.0,"[""scene_match""]"
qwen3.5-plus-2026-02-15,8a3b47f5f1ec5e40de404d9c786675f0,development,incorrect,画面模糊,DL-NA52UU,completed,incorrect,,,41e9707af3264b73aaa48896c707f9c4,,2,0.0281712,0,23.765962921548635,23.9754894268699,0.0,"[""image_quality"", ""completeness""]"
qwen3.5-plus-2026-02-15,8b408b6f2d8a21129729b212bdfa4d45,holdout,incorrect,画面模糊,DL-NA52UU,completed,incorrect,,,eaf2f2c344334a54a4cd295395e0dad1,,2,0.0294824,0,30.414884456433356,30.617828377056867,0.0,"[""image_quality""]"
qwen3.5-plus-2026-02-15,8be00c38e9590444c7bc46bcae942da6,development,incorrect,采集内容不符合要求,DL-NA52UU,completed,incorrect,,,f8b2d103ccd64953a9293baa6bc0d430,,2,0.028728000000000004,0,26.71473432891071,27.045473554637283,0.0,"[""scene_match"", ""main_visibility"", ""completeness""]"
qwen3.5-plus-2026-02-15,8c8e186afce745ed6e087981adeae64a,development,incorrect,其他问题,DL-NA52UU,completed,incorrect,,,9181b7094ccb4c9996ba4d6c38ade055,,2,0.027761600000000004,0,23.45579274185002,23.760086100082844,0.0,"[""object_match"", ""scene_match"", ""action"", ""completeness""]"
qwen3.5-plus-2026-02-15,8ca5129f5a75bca97f737b3aa6048db7,holdout,incorrect,画面模糊,DL-NA52UU,completed,incorrect,,,f330ce5f199b43f8b120c26cf816fd1e,,2,0.0283584,0,24.551036142278463,24.754580608103424,0.0,"[""image_quality""]"
qwen3.5-plus-2026-02-15,8cf3c3e9a34cbdfc45edfca483199bb7,development,correct,,DL-NA52UU,completed,correct,,,22fbb907a6d94fb68eace599d9452816,,2,0.0310888,0,27.718424571678042,27.945079043041915,0.0,[]
qwen3.5-plus-2026-02-15,920a86fd2d8209db5911da1cfd603a61,development,incorrect,画面模糊,DL-NA52UU,completed,incorrect,,,73f92166e3564b859a028ca63bae6fd3,,2,0.0287632,0,28.404141954146326,28.62452720105648,0.0,"[""image_quality""]"
qwen3.5-plus-2026-02-15,95d643b4098c33b7e38a9299f669b211,development,incorrect,其他问题,DL-NA52UU,completed,correct,,,18d8ff9f0a054ae786ae37ffde21966a,,2,0.0359424,0,31.529415850527585,31.76490524597466,0.0,[]
qwen3.5-plus-2026-02-15,95dc7dab06a9c308c8dab3f0f4c5c0e3,holdout,incorrect,其他问题,DL-NA52UU,completed,correct,,,69aa9cdef51647318c69f0bbe0115c23,,2,0.029549600000000002,0,22.275345101952553,22.514850785024464,0.0,[]
qwen3.5-plus-2026-02-15,965f23817dd8cba1f8dbe35bd9b0e649,holdout,incorrect,其他问题,DL-NA52UU,needs_review,,,,74b9393fc5224cf09803f29a0ad8ab76,,2,0.0345624,0,35.20110414875671,35.458784288261086,0.0,[]
qwen3.5-plus-2026-02-15,99a8518a2ff64cfe979f99a31081d6b2,development,incorrect,反复重试,DL-NA52UU,needs_review,,,,8976341db7e04565ab6abacbbafe5a0d,,2,0.0343248,0,23.349268740043044,23.597718593198806,0.0,[]
qwen3.5-plus-2026-02-15,9c0b19fdc7191fb602898b65d756dda4,development,correct,,DL-NA52UU,completed,correct,,,743c97b395ce4319adf4fab9d473f47e,,2,0.032768,0,27.982658599037677,28.21079139597714,0.0,[]
qwen3.5-plus-2026-02-15,9ca7daa14c22ea5a76953c4568223c72,development,incorrect,其他问题,DL-NA52UU,completed,correct,,,6c13b535d26a48d7804a6bb0e814b41e,,2,0.0344664,0,21.61999376770109,21.866221251897514,0.0,[]
qwen3.5-plus-2026-02-15,9d6b44fbc89eb3d272a23066a7dc98e7,holdout,incorrect,采集内容不符合要求,DL-NA52UU,completed,correct,,,fabac648a86c445c842ca59b84452a92,,2,0.029608000000000002,0,32.13981814682484,32.3768414426595,0.0,[]
qwen3.5-plus-2026-02-15,a152630f528748dc64665d5f9eff337d,holdout,incorrect,采集内容不符合要求,DL-NA52UU,completed,incorrect,,,01fd031530834e8b8f32691dc839313e,,2,0.03130719999999999,0,20.74022057186812,20.985673252027482,0.0,"[""scene_match"", ""completeness""]"
qwen3.5-plus-2026-02-15,a1b8503cd73cb861df7acd528eb2b877,holdout,correct,,DL-NA52UU,needs_review,,,,43eba145943b4ae5a46592e7ca157465,,2,0.032716,0,30.692199620883912,31.08474527299404,0.0,[]
qwen3.5-plus-2026-02-15,a21aeb0d0d764970f738f8c95d6bfb82,holdout,correct,,DL-NA52UU,completed,correct,,,f1e7e4b5d55c4adfa7d5cca14049a756,,2,0.033238399999999994,0,27.786733013112098,28.01945801405236,0.0,[]
qwen3.5-plus-2026-02-15,a51047b4860a3548f7344407b998e73d,development,incorrect,采集内容不符合要求,DL-NA52UU,needs_review,,,,ed0532f34a284a30a3d32ea35274b627,,2,0.0321144,0,29.519269360229373,29.737046877853572,0.0,[]
qwen3.5-plus-2026-02-15,abdce77eb482de1057b8734d43239ad9,development,incorrect,采集内容不符合要求,DL-NA52UU,completed,correct,,,1ef5c43c001142139da7bf224f55b8d0,,2,0.0320408,0,24.81271074898541,25.05143375787884,0.0,[]
qwen3.5-plus-2026-02-15,ae59a1897063c6b7cd4fb9ec11603160,development,incorrect,其他问题,DL-NA52UU,completed,incorrect,,,420397f5339a41eb835c3d7cc73774cc,,2,0.0296024,0,24.60613242397085,24.838370617013425,0.0,"[""action"", ""retry_free"", ""completeness"", ""observed_failure""]"
qwen3.5-plus-2026-02-15,b1164384ac56d7b59ffe6010ad61b26b,development,incorrect,采集内容不符合要求,DL-NA52UU,completed,incorrect,,,364d28ea9b044e6385f768c17a1ddf22,,2,0.027956800000000004,0,23.77096673240885,23.986173864919692,0.0,"[""completeness""]"
qwen3.5-plus-2026-02-15,b1b9a1f36d8a1eb1d07663ff13c52e12,development,incorrect,采集内容不符合要求,DL-NA52UU,completed,correct,,,a7e77b6e4e044715bb93d855c8884741,,2,0.0306552,0,23.793244049418718,24.022304490208626,0.0,[]
qwen3.5-plus-2026-02-15,bbfcabffdb5fea279fc6163999b941d2,development,incorrect,其他问题,DL-NA52UU,completed,incorrect,,,9e999ce1da504484b026d0a53c10e512,,2,0.0278568,0,23.030243141110986,23.254168362822384,0.0,"[""action"", ""retry_free"", ""completeness"", ""observed_failure""]"
qwen3.5-plus-2026-02-15,bd2c557f7f049696091c9e9c9071334f,development,incorrect,其他问题,DL-NA52UU,completed,incorrect,,,f390cdc497374034be2b3e165cedcd0e,,2,0.0321664,0,27.339983268175274,27.592271188274026,0.0,"[""action"", ""retry_free"", ""completeness"", ""observed_failure""]"
qwen3.5-plus-2026-02-15,bdd6b76dfa45431cd1b38d7880562620,development,incorrect,反复重试,DL-NA52UU,completed,incorrect,,,65682e9cf9ec45308e33907c84363bad,,2,0.0407688,0,28.493193901143968,28.771852327045053,0.0,"[""retry_free"", ""observed_failure""]"
qwen3.5-plus-2026-02-15,beec95be7216021de5a4786099cc57d6,development,incorrect,采集内容不符合要求,DL-NA52UU,completed,correct,,,43ca535d9c854550ad9fed752e34b5bc,,2,0.028628,0,25.96978964144364,26.192755701951683,0.0,[]
qwen3.5-plus-2026-02-15,bf53e3a9680a3ef26a03170b159b3a1e,development,incorrect,反复重试,DL-NA52UU,completed,incorrect,,,c5d93bb8bd9c4efe8b50f13beb9d3210,,2,0.0317088,0,29.003717769868672,29.244049814064056,0.0,"[""action"", ""retry_free"", ""completeness"", ""observed_failure""]"
qwen3.5-plus-2026-02-15,c0c424b6d56463335986c03b539bb0a8,development,incorrect,采集内容不符合要求,DL-NA52UU,completed,correct,,,1d398af25e3e408892f43e894302bb79,,2,0.0297032,0,31.873591884970665,32.095499304588884,0.0,[]
qwen3.5-plus-2026-02-15,c39e801297e79acc264b7722f325afc5,holdout,incorrect,其他问题,DL-NA52UU,completed,incorrect,,,fb20361c334c467cb638bd9abc651935,,2,0.0299456,0,24.595362251624465,24.81023918837309,0.0,"[""main_visibility"", ""completeness""]"
qwen3.5-plus-2026-02-15,c55234cf7371f68775599662eac273c9,development,correct,,DL-NA52UU,completed,correct,,,f8592f8c147b4b9abcf972364454228b,,2,0.0342104,0,39.27935153990984,39.51389901340008,0.0,[]
qwen3.5-plus-2026-02-15,cb76a6c898174293af4b065eb6b2cad4,development,incorrect,其他问题,DL-NA52UU,completed,incorrect,,,cf0f2435d85c48b49be9f6bcc6fdbe33,,2,0.033595200000000006,0,22.086393020115793,22.37784993601963,0.0,"[""action"", ""retry_free"", ""completeness"", ""observed_failure""]"
qwen3.5-plus-2026-02-15,cd6e74f8d82631b19f46e0cd9be80beb,development,incorrect,画面模糊,DL-NA52UU,completed,incorrect,,,ebcdaae27a644aa9b4ccaca8c2bab709,,2,0.030399199999999998,0,26.140722741838545,26.362234379164875,0.0,"[""image_quality""]"
qwen3.5-plus-2026-02-15,ce351d4d84b8514ab812eaf0c9bbc725,development,correct,,DL-NA52UU,completed,correct,,,8badf1a59d054951a3ebd66ec2f26e02,,2,0.030986400000000004,0,25.275918015278876,25.496862835716456,0.0,[]
qwen3.5-plus-2026-02-15,ce79d89df2457db83ff6cd1d13c6f8ce,holdout,incorrect,采集内容不符合要求,DL-NA52UU,completed,incorrect,,,7848af284ec2436f8ce51f556fdd52ed,,2,0.0287904,0,32.52082022698596,32.76612059120089,0.0,"[""object_match""]"
qwen3.5-plus-2026-02-15,db0612946ce8f95ca0578f140656296f,development,incorrect,动作不完整,DL-NA52UU,needs_review,,,,e9bba2ef39094f9fb462e1ec3fe4322c,,2,0.032749600000000004,0,33.35191803378984,33.57665381859988,0.0,[]
qwen3.5-plus-2026-02-15,ea963175602f294d5a8002d5ab129998,development,correct,,DL-NA52UU,needs_review,,,,4d5775fb78474ed498301256028bc3c3,,2,0.0320496,0,30.081312775146216,30.327913170680404,0.0,[]
qwen3.5-plus-2026-02-15,eb5335537efa7ea3de40031483773dbb,holdout,incorrect,采集内容不符合要求,DL-NA52UU,completed,incorrect,,,d2ddff871eb94cddbef14b11b750363a,,2,0.0286848,0,28.909428522456437,29.211691774893552,0.0,"[""object_match"", ""main_visibility""]"
qwen3.5-plus-2026-02-15,ec2194931b757a3672edd5c224719bfd,development,incorrect,画面模糊,DL-NA52UU,completed,incorrect,,,5853f06d55354887a37b84560ac755bc,,2,0.0290928,0,28.082711666356772,28.29827720625326,0.0,"[""image_quality""]"
qwen3.5-plus-2026-02-15,ed3aed3a99169fdb0a95140cdd0baeab,development,incorrect,画面模糊,DL-NA52UU,completed,incorrect,,,4b6f0740c3584e88ad8a24194ca37057,,2,0.028433599999999996,0,24.187069607898593,24.38415132369846,0.0,"[""image_quality""]"
qwen3.5-plus-2026-02-15,edbba8a3d5b5637d8e6352b794d12e1e,holdout,correct,,DL-NA52UU,completed,incorrect,,,00b098ed5fbd4805806aac16e2658b2e,,2,0.0326368,0,24.519181326963007,24.75919712195173,0.0,"[""completeness"", ""hold""]"
qwen3.5-plus-2026-02-15,edc794c63c2f73a65e83e54d20d344bc,development,correct,,DL-NA52UU,completed,correct,,,91f03de34b3046fdafb7eb5fcdd9a6ff,,2,0.030494400000000005,0,23.81555286468938,24.050236164126545,0.0,[]
qwen3.5-plus-2026-02-15,ee723e930de2f114665b2bf0f8989449,holdout,incorrect,采集内容不符合要求,DL-NA52UU,completed,incorrect,,,e488cd977e8745238fa0876d3923ecab,,2,0.028352000000000002,0,24.49083702545613,24.721676907036453,0.0,"[""scene_match"", ""image_quality""]"
qwen3.5-plus-2026-02-15,eedf9bbc787b4ae570dc00cd73e47646,holdout,correct,,DL-NA52UU,completed,correct,,,562c69eb18264d49bedf1415fad688ac,,2,0.0301952,0,24.867744982242584,25.1005881796591,0.0,[]
qwen3.5-plus-2026-02-15,f07cc1f580fb8f7e6a6f1b61e189163c,development,incorrect,其他问题,DL-NA52UU,completed,correct,,,938475a9d43c413294c7fe2a9c1c35bf,,2,0.0315776,0,27.83873448893428,28.083948333747685,0.0,[]
qwen3.5-plus-2026-02-15,f0d636fb6aec9bcc4a52972300ad860e,development,incorrect,采集内容不符合要求,DL-NA52UU,completed,incorrect,,,7485630617644525aa917a876b082a05,,2,0.0322312,0,27.27070596208796,27.51535651506856,0.0,"[""object_match""]"
qwen3.5-plus-2026-02-15,f0ecc2839f0d2265a2484da2b2f3302e,development,incorrect,反复重试,DL-NA52UU,needs_review,,,,de1b9074c15247a4ace6e21333e0cf6e,,2,0.0368872,0,34.607081211172044,34.9566684961319,0.0,[]
qwen3.5-plus-2026-02-15,f15c12f5e93afe8b334ef4069088c412,development,correct,,DL-NA52UU,completed,correct,,,98fddc305bca47e2930dadb1bbfb6c1a,,2,0.028980000000000002,0,37.003016613889486,37.22961741685867,0.0,[]
qwen3.5-plus-2026-02-15,f23b8bd4c1512606796c0c57a9599699,holdout,correct,,DL-NA52UU,completed,correct,,,2613f6b1dfec43dfa6a6c4c6f74e81be,,2,0.0306656,0,28.48429171415046,28.700216269120574,0.0,[]
qwen3.5-plus-2026-02-15,f63baf731e5e2b836448ba1a06c28de1,development,incorrect,反复重试,DL-NA52UU,completed,incorrect,,,013ed52d0fff40d2bcf82dcafdd8817a,,2,0.0377584,0,30.659313527867198,30.92636383511126,0.0,"[""retry_free""]"
qwen3.5-plus-2026-02-15,f9228f9b33d158699b53c52ba2a110d8,holdout,incorrect,采集内容不符合要求,DL-NA52UU,completed,incorrect,,,558e422a7a994eb5b5ca8bd1b662fb41,,2,0.028314399999999997,0,25.093430381268263,25.303977923002094,0.0,"[""object_match""]"
qwen3.5-plus-2026-02-15,f9abd6e1e36ef1dc5c144feba02de677,development,incorrect,其他问题,DL-NA52UU,completed,correct,,,78bac3dc0eef4432a909b9518eb6f1f1,,2,0.032848,0,30.75623491499573,30.998433859087527,0.0,[]
qwen3.5-plus-2026-02-15,fa0d448767a63c46592d4a6985da2295,development,incorrect,采集内容不符合要求,DL-NA52UU,failed,,evidence,ValueError,a6536a195df44f829c85664805fbc611,,2,0.029648800000000003,0,25.77664192393422,26.014442031737417,0.0,[]
qwen3.5-plus-2026-02-15,fe6ec1271668cd43ce3f74a29cda1ec3,development,incorrect,反复重试,DL-NA52UU,needs_review,,,,1b17dc8b788e4e7b92cba462f3700edd,,2,0.0364328,0,29.86314435256645,30.123928735964,0.0,[]
qwen-vl-max,00acf09c6217f6aa3df1a38469d498a5,holdout,incorrect,采集内容不符合要求,DL-NA52UU,completed,incorrect,,,f74c82f80fd84ed18f1f9fd7c23d6226,,2,0.0592,0,50.451563025824726,51.853871955070645,0.0,"[""object_match""]"
qwen-vl-max,0336074e95fcd70939e29a4c611ff128,holdout,correct,,DL-NA52UU,completed,correct,,,d5ab98477e3743b68d964d83fa5a862b,,2,0.0594952,0,49.00868873530999,51.239828841760755,0.0,[]
qwen-vl-max,07c67050aa8ac87892668a42a337a959,development,incorrect,动作不完整,DL-NA52UU,completed,correct,,,5bcb7aad27e842f2a59c9fcf46a81429,,2,0.050076800000000005,0,45.78298600297421,45.99868335574865,0.0,[]
qwen-vl-max,086a79e060f95c971e787885c9581882,development,incorrect,其他问题,DL-NA52UU,completed,incorrect,,,d2d6179435ed48e1a83e4fc170b6d642,,2,0.0537112,0,43.063890734221786,43.309457160998136,0.0,"[""image_quality""]"
qwen-vl-max,0959f1d4f277f6f71cdccecaa560fb0d,development,incorrect,反复重试,DL-NA52UU,completed,incorrect,,,200c4677e4ab47058f49def9324b717b,,2,0.0667864,0,54.355154178105295,54.59761792421341,0.0,"[""image_quality"", ""completeness""]"
qwen-vl-max,09a85376673f15a3cdb0a39ff2584bf0,development,correct,,DL-NA52UU,completed,correct,,,deebc922019e4ce1bfb874eea565e71f,,2,0.054920800000000006,0,46.068768290802836,46.29279894987121,0.0,[]
qwen-vl-max,0f80eb3646930cb61f2f18b6e1ffec3a,development,incorrect,采集内容不符合要求,DL-NA52UU,completed,incorrect,,,35e76f5f86d3404bbe8cdb96cb0cb384,,2,0.050467200000000004,0,41.22115811193362,41.573855763766915,0.0,"[""scene_match""]"
qwen-vl-max,0fd78ce12c4080f461bf238df472b5c7,development,incorrect,采集内容不符合要求,DL-NA52UU,needs_review,,,,67a7585edc774ee0ae9aff9180ef9ccd,,2,0.062992,0,56.013476841151714,56.26798807410523,0.0,[]
qwen-vl-max,17104c20c2a59390537d044dbf383397,development,incorrect,其他问题,DL-NA52UU,completed,incorrect,,,538f1a89128a4fa2915f7819f4fa4fa4,,2,0.0552376,0,48.97466522268951,49.21977846277878,0.0,"[""completeness"", ""hold""]"
qwen-vl-max,17ede7daac1e086a6ff5dfaca0200896,holdout,incorrect,反复重试,DL-NA52UU,completed,correct,,,cf651feef3ca448d97b2b179b3296947,,2,0.0632936,0,49.069273609668016,49.32838407717645,0.0,[]
qwen-vl-max,1d493b6454f7a78db11cb690f0e8451e,development,incorrect,采集内容不符合要求,DL-NA52UU,completed,incorrect,,,61f27d9c5fdc4b9aaab1074c3db2ef5c,,2,0.05292,0,40.411127022933215,40.66013202769682,0.0,"[""object_match"", ""image_quality""]"
qwen-vl-max,1e327011a2279207cd2bb58af05502bb,holdout,incorrect,反复重试,DL-NA52UU,completed,incorrect,,,e56548d3e9b543899ab213e2a8620f6d,,2,0.0706888,0,55.266849908046424,55.54131237510592,0.0,"[""action"", ""retry_free"", ""completeness"", ""observed_failure""]"
qwen-vl-max,1f5efb40e548b0e328875b6b23cac0ca,development,incorrect,采集内容不符合要求,DL-NA52UU,completed,incorrect,,,26d158e671b5412c8541d064206bcc8c,,2,0.054304,0,45.89698718395084,46.327392254024744,0.0,"[""image_quality""]"
qwen-vl-max,231c173c522716a72aecbfbe6d3b1387,development,correct,,DL-NA52UU,completed,correct,,,60c60f73708a430aad44a9364e624ed7,,2,0.050492800000000004,0,46.532316038850695,46.7283975710161,0.0,[]
qwen-vl-max,2442ea8aea75b9038cf25a71f5db3bc7,development,correct,,DL-NA52UU,completed,correct,,,cc72e79115b94437b119bbdd277f4298,,2,0.0511824,0,46.4111541248858,46.646231605205685,0.0,[]
qwen-vl-max,245cdc7a3753f553476fad87dbbd5bea,holdout,incorrect,其他问题,DL-NA52UU,needs_review,,,,ddb2d2854c734a7eaa5128df1181790c,,2,0.055156,0,52.825742796529084,53.0615594307892,0.0,[]
qwen-vl-max,26aaa2e503fa7f222f7f6cb100258752,development,incorrect,其他问题,DL-NA52UU,needs_review,,,,3ef8608f486e43628da4787a60039a6e,,2,0.04970080000000001,0,42.102081283926964,42.3277820632793,0.0,[]
qwen-vl-max,2a82bc37b834098989c69e5f2c3a672e,development,incorrect,画面模糊,DL-NA52UU,completed,incorrect,,,659382869bcd4891acba47f27996209d,,2,0.0507464,0,47.55603549722582,47.75454679504037,0.0,"[""image_quality""]"
qwen-vl-max,2eb54be92d4383a1929ee63acd74467c,holdout,incorrect,其他问题,DL-NA52UU,completed,incorrect,,,afabb060289c4c7298e8e363b8dc53a9,,2,0.06320400000000001,0,52.14308850374073,52.45183076383546,0.0,"[""action"", ""completeness"", ""hold""]"
qwen-vl-max,31150ea66815816ea6e7c93a64651b2d,development,incorrect,采集内容不符合要求,DL-NA52UU,completed,incorrect,,,6e7051ac072c42e3909af438793d670a,,2,0.053986400000000004,0,45.570602701976895,45.81834234390408,0.0,"[""main_visibility""]"
qwen-vl-max,3417fc0095b5a333056d78f55b7b5c3b,development,correct,,DL-NA52UU,needs_review,,,,b97b0f131c614b5a8085d263b4883e4d,,2,0.054514400000000005,0,43.88334522629157,44.10988178104162,0.0,[]
qwen-vl-max,363b466bd6d36e0e4ad831fe34cd35f6,development,incorrect,其他问题,DL-NA52UU,completed,incorrect,,,c66999f7410943fea34d6de96180271f,,2,0.05476160000000001,0,50.688375980593264,50.91595764178783,0.0,"[""object_match"", ""main_visibility"", ""action"", ""completeness""]"
qwen-vl-max,3c5a9105d62b825cc26e91c8cbcdad2a,development,incorrect,采集内容不符合要求,DL-NA52UU,completed,incorrect,,,36711ddcdc5a4940b93030f52b9d40bf,,2,0.051412000000000006,0,47.721325118560344,48.04919798206538,0.0,"[""main_visibility""]"
qwen-vl-max,3c793087873b2dbc7eb19e950584dbb1,development,incorrect,其他问题,DL-NA52UU,completed,incorrect,,,b7e106836e5647128a578179c2f70838,,2,0.050241600000000004,0,47.045583536848426,47.33198988903314,0.0,"[""image_quality"", ""action"", ""completeness"", ""hold""]"
qwen-vl-max,3d3cf9bfa86585c3a4464b5284ae6743,development,incorrect,采集内容不符合要求,DL-NA52UU,completed,incorrect,,,836509951dcd413399cc4fe46f6fe78a,,2,0.055396,0,44.93281006673351,45.155537750106305,0.0,"[""object_match"", ""image_quality""]"
qwen-vl-max,4004ec0dc60f7469b84fd1d3081bb4e4,holdout,incorrect,画面模糊,DL-NA52UU,completed,incorrect,,,53d4ac0d45c94de182ddfa5268a0ce59,,2,0.0501848,0,46.1033971067518,46.32189384708181,0.0,"[""image_quality""]"
qwen-vl-max,40148a890de9743992df69d02e1f2989,development,incorrect,采集内容不符合要求,DL-NA52UU,completed,correct,,,3468673146634f978b732f012626fadd,,2,0.0492072,0,41.849662493914366,42.081480097956955,0.0,[]
qwen-vl-max,40665f855c748fbd166661034ef2469a,development,incorrect,其他问题,DL-NA52UU,completed,incorrect,,,8673ed88dfd94fc7a10fb3443b89f311,,2,0.0627712,0,55.82500953273848,56.085879996884614,0.0,"[""completeness""]"
qwen-vl-max,43758a9254d9ec4e0789e879abe2985e,holdout,incorrect,采集内容不符合要求,DL-NA52UU,completed,incorrect,,,7ea58345758640c39a0dadaf23110b48,,2,0.054140799999999996,0,48.78079448686913,49.01413146266714,0.0,"[""object_match"", ""image_quality"", ""action""]"
qwen-vl-max,43fbfbc9c95a117c98eb288af6501eb8,holdout,incorrect,其他问题,DL-NA52UU,completed,correct,,,9e9bbfaddc814602b383c56b73903bc8,,2,0.066584,0,64.54204552713782,64.80663669807836,0.0,[]
qwen-vl-max,46dbe6c979945a8f96943c942d57a9d0,development,incorrect,其他问题,DL-NA52UU,completed,incorrect,,,9e5fc3bb5e744fbfbb5a9740e5061686,,2,0.0551232,0,57.804930496029556,58.07690949598327,0.0,"[""main_visibility""]"
qwen-vl-max,51afec8d279440fc43086a36f6d1037a,development,incorrect,采集内容不符合要求,DL-NA52UU,completed,incorrect,,,25d47fea4ec34ebb94c3d702ee309d81,,2,0.0503744,0,46.30187747813761,46.55446555092931,0.0,"[""scene_match"", ""main_visibility""]"
qwen-vl-max,550417802b14e36d757d5cb6cc8d3c64,development,incorrect,采集内容不符合要求,DL-NA52UU,completed,incorrect,,,cfd0d35594254fb28f3a95a62fdb26ce,,2,0.0540568,0,49.00776015035808,49.24024161417037,0.0,"[""image_quality""]"
qwen-vl-max,56a36ce18c26b289f683e04f4136db42,development,incorrect,采集内容不符合要求,DL-NA52UU,completed,correct,,,20c18d06ea364c45b26e529ebcfcdbd4,,2,0.0517456,0,48.45065510831773,48.681289901956916,0.0,[]
qwen-vl-max,64d34cdbae1a680cb4f3d7d42695e5b8,development,correct,,DL-NA52UU,completed,correct,,,42f45fc6602c446ea197a1157ad69cfd,,2,0.055110400000000004,0,50.170009824912995,50.434329356998205,0.0,[]
qwen-vl-max,702c197ab0cb0ec9f0587c0faadd0564,holdout,incorrect,动作不完整,DL-NA52UU,needs_review,,,,45d8d5b03fa64702949fa6bf86ab9d70,,2,0.058654399999999995,0,51.79921828629449,52.080123231746256,0.0,[]
qwen-vl-max,7819d47cc07ecc6b7b8709218b95e964,development,correct,,DL-NA52UU,completed,correct,,,f6f3b82a4d594b72b1f1f1210b782592,,2,0.05317360000000001,0,45.475404287688434,45.70786694716662,0.0,[]
qwen-vl-max,78991c3e3eb0149b9e29551d03268873,development,incorrect,其他问题,DL-NA52UU,completed,incorrect,,,63172a44e18d414492edb9439d3cddd7,,2,0.06276960000000001,0,48.5884381220676,48.83138608187437,0.0,"[""completeness"", ""hold""]"
qwen-vl-max,7ae046ee421fc1c59f8cdcd44e7ed765,development,correct,,DL-NA52UU,completed,correct,,,0f559f6c36a04774867ab999f81ac2ed,,2,0.0531608,0,41.05962324421853,41.291767078917474,0.0,[]
qwen-vl-max,7bb3b9babcab2660c193b82f5960e40a,holdout,incorrect,其他问题,DL-NA52UU,completed,correct,,,7fa0261bc52245c7818c4a935e5b49bd,,2,0.06747840000000001,0,50.47797127394006,50.73929941793904,0.0,[]
qwen-vl-max,7c0876d845fd585ea1c0f0c97acb327e,holdout,incorrect,动作不完整,DL-NA52UU,completed,incorrect,,,78a0e7ece9ac416d890bf3007469327f,,2,0.0507624,0,45.213948683813214,45.427409863099456,0.0,"[""image_quality""]"
qwen-vl-max,7cf8f38d1991e9f41cd91487e2bdde2b,development,incorrect,动作不完整,DL-NA52UU,needs_review,,,,adb29e5fb31b4d77a5084b9d390820c3,,2,0.05505360000000001,0,43.673645284958184,43.90951761882752,0.0,[]
qwen-vl-max,821840f67e136e2f303a6c24f9932693,development,incorrect,画面模糊,DL-NA52UU,completed,incorrect,,,353725703fee47d9be91ae32f60eda7e,,2,0.0495472,0,42.329937926027924,42.53692566230893,0.0,"[""image_quality""]"
qwen-vl-max,83120f05cb269a444828b99b00df4deb,holdout,incorrect,反复重试,DL-NA52UU,completed,correct,,,25ff1bf31a5545ae988f7d62436f1585,,2,0.0639544,0,49.88638970814645,50.14337406400591,0.0,[]
qwen-vl-max,8568e174833e5d3e8e39746691b443e3,holdout,incorrect,采集内容不符合要求,DL-NA52UU,completed,correct,,,2acaa0293ac04d29bf2fab191cf66f6a,,2,0.0545008,0,44.72517677396536,44.97721419390291,0.0,[]
qwen-vl-max,8a3b47f5f1ec5e40de404d9c786675f0,development,incorrect,画面模糊,DL-NA52UU,completed,incorrect,,,56c77dfad5dc474d9268fe90fe08eadd,,2,0.051068,0,44.40537085849792,44.614298343192786,0.0,"[""image_quality""]"
qwen-vl-max,8b408b6f2d8a21129729b212bdfa4d45,holdout,incorrect,画面模糊,DL-NA52UU,completed,incorrect,,,09ba9e4c1e4e435688719423f071e376,,2,0.050564,0,44.191522870678455,44.44992234930396,0.0,"[""image_quality""]"
qwen-vl-max,8be00c38e9590444c7bc46bcae942da6,development,incorrect,采集内容不符合要求,DL-NA52UU,completed,incorrect,,,79d9db152e834404922d5799145d433e,,2,0.050992800000000005,0,42.00021159555763,42.24556481325999,0.0,"[""scene_match"", ""main_visibility""]"
qwen-vl-max,8c8e186afce745ed6e087981adeae64a,development,incorrect,其他问题,DL-NA52UU,needs_review,,,,ea2e1149792d4041aeb06ccfda50e0e4,,2,0.0513792,0,43.89931428898126,44.142409936059266,0.0,[]
qwen-vl-max,8ca5129f5a75bca97f737b3aa6048db7,holdout,incorrect,画面模糊,DL-NA52UU,completed,incorrect,,,87cf96f612ce40e3afa1e25ff751c950,,2,0.051114400000000004,0,44.65319092012942,44.97533614374697,0.0,"[""image_quality"", ""action"", ""completeness"", ""hold""]"
qwen-vl-max,8cf3c3e9a34cbdfc45edfca483199bb7,development,correct,,DL-NA52UU,needs_review,,,,c79ac1b2ef234e8a8d204ee10a2c99b0,,2,0.055130399999999996,0,45.44279328128323,45.67923887912184,0.0,[]
qwen-vl-max,920a86fd2d8209db5911da1cfd603a61,development,incorrect,画面模糊,DL-NA52UU,completed,incorrect,,,1f5e2b7de2084ccb8eba7aad13e69736,,2,0.051233600000000004,0,44.372174891643226,44.60009536007419,0.0,"[""image_quality""]"
qwen-vl-max,95d643b4098c33b7e38a9299f669b211,development,incorrect,其他问题,DL-NA52UU,completed,incorrect,,,3ac11e8404544d2aa4592ced3353e4f7,,2,0.0631248,0,44.59509342396632,44.8585944599472,0.0,"[""completeness""]"
qwen-vl-max,95dc7dab06a9c308c8dab3f0f4c5c0e3,holdout,incorrect,其他问题,DL-NA52UU,completed,correct,,,547021d3c91d4e0facdf0a3b5eff0f4e,,2,0.054047200000000004,0,47.417791774496436,47.645398267079145,0.0,[]
qwen-vl-max,965f23817dd8cba1f8dbe35bd9b0e649,holdout,incorrect,其他问题,DL-NA52UU,completed,incorrect,,,84acd35187464919a6f7e259dcf69e35,,2,0.0633744,0,49.57221455313265,49.81389393238351,0.0,"[""action"", ""completeness"", ""hold""]"
qwen-vl-max,99a8518a2ff64cfe979f99a31081d6b2,development,incorrect,反复重试,DL-NA52UU,completed,correct,,,8bf6772e3bf947fbb5b1b543783c778f,,2,0.06311040000000001,0,46.17541325604543,46.41021976200864,0.0,[]
qwen-vl-max,9c0b19fdc7191fb602898b65d756dda4,development,correct,,DL-NA52UU,completed,correct,,,b9718d838f584745b7bb4fc93fb58579,,2,0.0582376,0,46.40632629673928,46.63503859192133,0.0,[]
qwen-vl-max,9ca7daa14c22ea5a76953c4568223c72,development,incorrect,其他问题,DL-NA52UU,completed,incorrect,,,12dfb76c0dd746f9b3562a79a1c49108,,2,0.06381360000000001,0,48.574155918788165,48.820708493702114,0.0,"[""completeness""]"
qwen-vl-max,9d6b44fbc89eb3d272a23066a7dc98e7,holdout,incorrect,采集内容不符合要求,DL-NA52UU,needs_review,,,,9326fda46e514fb3b342a0b70d8b1c85,,2,0.05001440000000001,0,43.135240976233035,43.37500933697447,0.0,[]
qwen-vl-max,a152630f528748dc64665d5f9eff337d,holdout,incorrect,采集内容不符合要求,DL-NA52UU,needs_review,,,,476f76ad303742c1a677cbe22250ec39,,2,0.0579248,0,42.085309563204646,42.34311992721632,0.0,[]
qwen-vl-max,a1b8503cd73cb861df7acd528eb2b877,holdout,correct,,DL-NA52UU,completed,correct,,,a034995ac9da4ce7a5f8b157f2aca852,,2,0.058691200000000006,0,45.914396587293595,46.19493400817737,0.0,[]
qwen-vl-max,a21aeb0d0d764970f738f8c95d6bfb82,holdout,correct,,DL-NA52UU,completed,correct,,,3a3d0de8d27444949d6f14287dc9a9cd,,2,0.0592288,0,41.85795902274549,42.09746043011546,0.0,[]
qwen-vl-max,a51047b4860a3548f7344407b998e73d,development,incorrect,采集内容不符合要求,DL-NA52UU,completed,incorrect,,,e89866d930f84627a0fa1a2d5bd996f8,,2,0.0546248,0,39.96200574375689,40.19419040204957,0.0,"[""object_match""]"
qwen-vl-max,abdce77eb482de1057b8734d43239ad9,development,incorrect,采集内容不符合要求,DL-NA52UU,completed,incorrect,,,f918f019ab164e7788406b568d4eadf5,,2,0.05873360000000001,0,46.04772435454652,46.30722971400246,0.0,"[""image_quality""]"
qwen-vl-max,ae59a1897063c6b7cd4fb9ec11603160,development,incorrect,其他问题,DL-NA52UU,needs_review,,,,704c77be6f704423aac4c5b5c54ce0f8,,2,0.054332000000000005,0,43.36090194480494,43.59054909879342,0.0,[]
qwen-vl-max,b1164384ac56d7b59ffe6010ad61b26b,development,incorrect,采集内容不符合要求,DL-NA52UU,completed,correct,,,e8410cc4febb41a58ac3e4219607466a,,2,0.0494928,0,38.00997508689761,38.239870332181454,0.0,[]
qwen-vl-max,b1b9a1f36d8a1eb1d07663ff13c52e12,development,incorrect,采集内容不符合要求,DL-NA52UU,completed,correct,,,96e7e68a45cb47e590102bd10960ca63,,2,0.0552584,0,43.96998646995053,44.198969142045826,0.0,[]
qwen-vl-max,bbfcabffdb5fea279fc6163999b941d2,development,incorrect,其他问题,DL-NA52UU,completed,incorrect,,,7515349643e6497ab62563c0227b2096,,2,0.04897119999999999,0,34.9621740472503,35.163948559667915,0.0,"[""image_quality"", ""action"", ""retry_free"", ""completeness"", ""observed_failure""]"
qwen-vl-max,bd2c557f7f049696091c9e9c9071334f,development,incorrect,其他问题,DL-NA52UU,completed,incorrect,,,26a88eb6f47c4c068dcd5ef4b71bb632,,2,0.0584672,0,42.79049901664257,43.04216747963801,0.0,"[""action"", ""completeness"", ""hold""]"
qwen-vl-max,bdd6b76dfa45431cd1b38d7880562620,development,incorrect,反复重试,DL-NA52UU,completed,correct,,,7c141dd832414751ade39b347d54a7ff,,2,0.0755176,0,51.675140318926424,51.95815965719521,0.0,[]
qwen-vl-max,beec95be7216021de5a4786099cc57d6,development,incorrect,采集内容不符合要求,DL-NA52UU,completed,incorrect,,,0299f0b84ade4f889f4e83b18c83eade,,2,0.05068,0,39.84115698514506,40.05805554194376,0.0,"[""image_quality""]"
qwen-vl-max,bf53e3a9680a3ef26a03170b159b3a1e,development,incorrect,反复重试,DL-NA52UU,completed,correct,,,5d242f1c658947acb7324f739691b3ed,,2,0.055075200000000005,0,40.14176051225513,40.370351877994835,0.0,[]
qwen-vl-max,c0c424b6d56463335986c03b539bb0a8,development,incorrect,采集内容不符合要求,DL-NA52UU,completed,correct,,,40849a5f2a19434e90c39397a1ce24c9,,2,0.0505552,0,38.13692905846983,38.35106405010447,0.0,[]
qwen-vl-max,c39e801297e79acc264b7722f325afc5,holdout,incorrect,其他问题,DL-NA52UU,completed,incorrect,,,dcd37922a3a34bacbf897749d39b4a8a,,2,0.05501600000000001,0,41.18938113981858,41.41929326718673,0.0,"[""object_match"", ""main_visibility""]"
qwen-vl-max,c55234cf7371f68775599662eac273c9,development,correct,,DL-NA52UU,completed,correct,,,e2ac08421bf64e389273df18e589b47d,,2,0.0584,0,43.869013842660934,44.114863046910614,0.0,[]
qwen-vl-max,cb76a6c898174293af4b065eb6b2cad4,development,incorrect,其他问题,DL-NA52UU,completed,incorrect,,,ed68f762cf3c4a9a9e48e0116690b30b,,2,0.062136000000000004,0,48.632402445655316,48.88400985300541,0.0,"[""completeness""]"
qwen-vl-max,cd6e74f8d82631b19f46e0cd9be80beb,development,incorrect,画面模糊,DL-NA52UU,completed,incorrect,,,8bc7a29a9e194e9a994d6f6ccf36649f,,2,0.05472160000000001,0,47.532498279586434,47.75112808588892,0.0,"[""image_quality""]"
qwen-vl-max,ce351d4d84b8514ab812eaf0c9bbc725,development,correct,,DL-NA52UU,completed,incorrect,,,1418bb70d53b4d6092e3023733f9bd79,,2,0.05543760000000001,0,41.601407835260034,41.822721337899566,0.0,"[""object_match""]"
qwen-vl-max,ce79d89df2457db83ff6cd1d13c6f8ce,holdout,incorrect,采集内容不符合要求,DL-NA52UU,completed,incorrect,,,52bd27343cf4471bb3f059ee557a3946,,2,0.04960479999999999,0,39.03885187301785,39.29140715394169,0.0,"[""object_match"", ""action"", ""completeness"", ""hold""]"
qwen-vl-max,db0612946ce8f95ca0578f140656296f,development,incorrect,动作不完整,DL-NA52UU,needs_review,,,,1e783590b15d4061a95615c378ab0c02,,2,0.053756,0,40.82500020554289,41.04891637759283,0.0,[]
qwen-vl-max,ea963175602f294d5a8002d5ab129998,development,correct,,DL-NA52UU,needs_review,,,,b71fc7e2633741a1a4a8b6e984502172,,2,0.054513599999999995,0,43.770587631035596,44.01247206097469,0.0,[]
qwen-vl-max,eb5335537efa7ea3de40031483773dbb,holdout,incorrect,采集内容不符合要求,DL-NA52UU,completed,incorrect,,,e3e8af00228840218537ed67c25134ee,,2,0.0498856,0,44.457008267752826,44.6909057488665,0.0,"[""object_match""]"
qwen-vl-max,ec2194931b757a3672edd5c224719bfd,development,incorrect,画面模糊,DL-NA52UU,completed,incorrect,,,774444310f6e4075840eb0f8ed580b48,,2,0.0506464,0,42.00443680677563,42.22053355909884,0.0,"[""main_visibility"", ""image_quality""]"
qwen-vl-max,ed3aed3a99169fdb0a95140cdd0baeab,development,incorrect,画面模糊,DL-NA52UU,completed,incorrect,,,547bffea46a14a1dbd1ac4bf44222aa9,,2,0.04992,0,45.572094049304724,45.766355322208256,0.0,"[""image_quality""]"
qwen-vl-max,edbba8a3d5b5637d8e6352b794d12e1e,holdout,correct,,DL-NA52UU,needs_review,,,,3e1f2294882d41f9a99c058060f8d2eb,,2,0.059033600000000006,0,48.43038894282654,48.657609067857265,0.0,[]
qwen-vl-max,edc794c63c2f73a65e83e54d20d344bc,development,correct,,DL-NA52UU,completed,correct,,,30bab1a843954fdb90811170d6ee3f57,,2,0.05433679999999999,0,44.326317314989865,44.571248766966164,0.0,[]
qwen-vl-max,ee723e930de2f114665b2bf0f8989449,holdout,incorrect,采集内容不符合要求,DL-NA52UU,completed,incorrect,,,333ce05e4a9940518c2b38820333117f,,2,0.050748800000000004,0,40.95656966464594,41.18014940014109,0.0,"[""image_quality""]"
qwen-vl-max,eedf9bbc787b4ae570dc00cd73e47646,holdout,correct,,DL-NA52UU,completed,incorrect,,,3e203afdc414497bb96c9ca807042946,,2,0.0539064,0,41.08733581751585,41.301401775330305,0.0,"[""image_quality""]"
qwen-vl-max,f07cc1f580fb8f7e6a6f1b61e189163c,development,incorrect,其他问题,DL-NA52UU,needs_review,,,,dff6075cbc4348f3818bc2ba1bfa0ba2,,2,0.0534656,0,41.728878600057214,41.94931285502389,0.0,[]
qwen-vl-max,f0d636fb6aec9bcc4a52972300ad860e,development,incorrect,采集内容不符合要求,DL-NA52UU,completed,incorrect,,,9cb0e7bd978f4519bebdace663062f8a,,2,0.057505600000000004,0,42.9673200850375,43.19536927109584,0.0,"[""object_match"", ""action"", ""completeness""]"
qwen-vl-max,f0ecc2839f0d2265a2484da2b2f3302e,development,incorrect,反复重试,DL-NA52UU,completed,correct,,,7e7f34a553e4403a885f005b6e433dac,,2,0.06318560000000001,0,47.860862321686,48.12525851186365,0.0,[]
qwen-vl-max,f15c12f5e93afe8b334ef4069088c412,development,correct,,DL-NA52UU,completed,correct,,,d624f7c106e04e419405637b6e9ca692,,2,0.05062320000000001,0,42.30161555064842,42.51112598227337,0.0,[]
qwen-vl-max,f23b8bd4c1512606796c0c57a9599699,holdout,correct,,DL-NA52UU,needs_review,,,,3d475a98082e492fa09c1284a5a68827,,2,0.0548984,0,44.81001909216866,45.011692070867866,0.0,[]
qwen-vl-max,f63baf731e5e2b836448ba1a06c28de1,development,incorrect,反复重试,DL-NA52UU,completed,incorrect,,,52dc411572514818bc817d59054343df,,2,0.067036,0,47.2288054889068,47.49743130384013,0.0,"[""object_match"", ""action"", ""completeness""]"
qwen-vl-max,f9228f9b33d158699b53c52ba2a110d8,holdout,incorrect,采集内容不符合要求,DL-NA52UU,completed,incorrect,,,bb69608db4f245769f260c3acfd5322f,,2,0.0505488,0,38.92901604389772,39.158965300768614,0.0,"[""object_match"", ""action"", ""completeness""]"
qwen-vl-max,f9abd6e1e36ef1dc5c144feba02de677,development,incorrect,其他问题,DL-NA52UU,completed,incorrect,,,b6cc5b683b9b454d8718e338b98955c4,,2,0.05799760000000001,0,40.725938144139946,40.9499951377511,0.0,"[""image_quality""]"
qwen-vl-max,fa0d448767a63c46592d4a6985da2295,development,incorrect,采集内容不符合要求,DL-NA52UU,completed,correct,,,93822af390da4fcc88f2db10d6053b77,,2,0.0538864,0,40.1136259958148,40.36078487569466,0.0,[]
qwen-vl-max,fe6ec1271668cd43ce3f74a29cda1ec3,development,incorrect,反复重试,DL-NA52UU,completed,correct,,,62c9019280134e98b0b62fe89f8ad096,,2,0.0678792,0,50.159462792333215,50.397140676155686,0.0,[]
